grouping_variable,group,metric,n_rows,n_observed,n_missing,median,q1,q3,median_ci95_lower,median_ci95_upper,interval_note
recommendation,Not Recommended,playtime_hours,65,65,0,118.8,38.3,206.6,61.0,160.62499999999986,"Nonparametric bootstrap, 2,000 resamples."
recommendation,Not Recommended,helpful_count,65,65,0,1.0,1.0,2.0,1.0,2.0,"Nonparametric bootstrap, 2,000 resamples."
recommendation,Not Recommended,funny_count,65,65,0,0.0,0.0,0.0,0.0,0.0,"Nonparametric bootstrap, 2,000 resamples."
recommendation,Not Recommended,word_count,65,65,0,49.0,16.0,102.0,28.0,67.0,"Nonparametric bootstrap, 2,000 resamples."
recommendation,Recommended,playtime_hours,197,197,0,27.3,10.2,60.5,21.3,33.5,"Nonparametric bootstrap, 2,000 resamples."
recommendation,Recommended,helpful_count,197,197,0,0.0,0.0,0.0,0.0,0.0,"Nonparametric bootstrap, 2,000 resamples."
recommendation,Recommended,funny_count,197,197,0,0.0,0.0,0.0,0.0,0.0,"Nonparametric bootstrap, 2,000 resamples."
recommendation,Recommended,word_count,197,197,0,6.0,2.0,16.0,4.0,8.0,"Nonparametric bootstrap, 2,000 resamples."
sentiment_composition,Mixed,playtime_hours,45,45,0,61.0,21.2,196.8,45.4,147.9,"Nonparametric bootstrap, 2,000 resamples."
sentiment_composition,Mixed,helpful_count,45,45,0,0.0,0.0,1.0,0.0,1.0,"Nonparametric bootstrap, 2,000 resamples."
sentiment_composition,Mixed,funny_count,45,45,0,0.0,0.0,0.0,0.0,0.0,"Nonparametric bootstrap, 2,000 resamples."
sentiment_composition,Mixed,word_count,45,45,0,34.0,16.0,79.0,21.0,44.0,"Nonparametric bootstrap, 2,000 resamples."
sentiment_composition,Negative_only,playtime_hours,44,44,0,117.9,37.025,184.25,61.0,158.54874999999973,"Nonparametric bootstrap, 2,000 resamples."
sentiment_composition,Negative_only,helpful_count,44,44,0,1.0,0.75,2.0,1.0,2.0,"Nonparametric bootstrap, 2,000 resamples."
sentiment_composition,Negative_only,funny_count,44,44,0,0.0,0.0,0.0,0.0,0.0,"Nonparametric bootstrap, 2,000 resamples."
sentiment_composition,Negative_only,word_count,44,44,0,42.0,11.75,102.0,17.0,67.0,"Nonparametric bootstrap, 2,000 resamples."
sentiment_composition,Neutral_non_evaluative,playtime_hours,31,31,0,21.3,7.4,44.8,14.6,40.7,"Nonparametric bootstrap, 2,000 resamples."
sentiment_composition,Neutral_non_evaluative,helpful_count,31,31,0,0.0,0.0,0.0,0.0,0.0,"Nonparametric bootstrap, 2,000 resamples."
sentiment_composition,Neutral_non_evaluative,funny_count,31,31,0,0.0,0.0,0.0,0.0,0.0,"Nonparametric bootstrap, 2,000 resamples."
sentiment_composition,Neutral_non_evaluative,word_count,31,31,0,5.0,2.5,12.0,4.0,10.0,"Nonparametric bootstrap, 2,000 resamples."
sentiment_composition,Not_applicable,playtime_hours,31,31,0,30.4,14.2,42.6,20.2,38.3,"Nonparametric bootstrap, 2,000 resamples."
sentiment_composition,Not_applicable,helpful_count,31,31,0,0.0,0.0,0.0,0.0,0.0,"Nonparametric bootstrap, 2,000 resamples."
sentiment_composition,Not_applicable,funny_count,31,31,0,0.0,0.0,0.0,0.0,0.0,"Nonparametric bootstrap, 2,000 resamples."
sentiment_composition,Not_applicable,word_count,31,31,0,1.0,1.0,2.5,1.0,2.0,"Nonparametric bootstrap, 2,000 resamples."
sentiment_composition,Positive_only,playtime_hours,111,111,0,22.6,9.6,60.5,16.4,31.4,"Nonparametric bootstrap, 2,000 resamples."
sentiment_composition,Positive_only,helpful_count,111,111,0,0.0,0.0,0.0,0.0,0.0,"Nonparametric bootstrap, 2,000 resamples."
sentiment_composition,Positive_only,funny_count,111,111,0,0.0,0.0,0.0,0.0,0.0,"Nonparametric bootstrap, 2,000 resamples."
sentiment_composition,Positive_only,word_count,111,111,0,6.0,2.0,17.0,4.0,9.0,"Nonparametric bootstrap, 2,000 resamples."
recommendation_text_relation,Aligned negative,playtime_hours,41,41,0,117.0,38.5,196.4,61.0,161.6,"Nonparametric bootstrap, 2,000 resamples."
recommendation_text_relation,Aligned negative,helpful_count,41,41,0,1.0,1.0,2.0,1.0,2.0,"Nonparametric bootstrap, 2,000 resamples."
recommendation_text_relation,Aligned negative,funny_count,41,41,0,0.0,0.0,0.0,0.0,0.0,"Nonparametric bootstrap, 2,000 resamples."
recommendation_text_relation,Aligned negative,word_count,41,41,0,49.0,12.0,102.0,21.0,86.0,"Nonparametric bootstrap, 2,000 resamples."
recommendation_text_relation,Aligned positive,playtime_hours,111,111,0,22.6,9.6,60.5,16.4,31.4,"Nonparametric bootstrap, 2,000 resamples."
recommendation_text_relation,Aligned positive,helpful_count,111,111,0,0.0,0.0,0.0,0.0,0.0,"Nonparametric bootstrap, 2,000 resamples."
recommendation_text_relation,Aligned positive,funny_count,111,111,0,0.0,0.0,0.0,0.0,0.0,"Nonparametric bootstrap, 2,000 resamples."
recommendation_text_relation,Aligned positive,word_count,111,111,0,6.0,2.0,17.0,4.0,9.0,"Nonparametric bootstrap, 2,000 resamples."
recommendation_text_relation,Hard contradiction,playtime_hours,3,3,0,140.0,81.8,153.5,23.6,167.0,"Nonparametric bootstrap, 2,000 resamples."
recommendation_text_relation,Hard contradiction,helpful_count,3,3,0,0.0,0.0,0.0,0.0,0.0,"Nonparametric bootstrap, 2,000 resamples."
recommendation_text_relation,Hard contradiction,funny_count,3,3,0,0.0,0.0,0.0,0.0,0.0,"Nonparametric bootstrap, 2,000 resamples."
recommendation_text_relation,Hard contradiction,word_count,3,3,0,4.0,3.5,8.0,3.0,12.0,"Nonparametric bootstrap, 2,000 resamples."
recommendation_text_relation,Insufficient text,playtime_hours,31,31,0,30.4,14.2,42.6,20.2,38.3,"Nonparametric bootstrap, 2,000 resamples."
recommendation_text_relation,Insufficient text,helpful_count,31,31,0,0.0,0.0,0.0,0.0,0.0,"Nonparametric bootstrap, 2,000 resamples."
recommendation_text_relation,Insufficient text,funny_count,31,31,0,0.0,0.0,0.0,0.0,0.0,"Nonparametric bootstrap, 2,000 resamples."
recommendation_text_relation,Insufficient text,word_count,31,31,0,1.0,1.0,2.5,1.0,2.0,"Nonparametric bootstrap, 2,000 resamples."
recommendation_text_relation,Non-evaluative text,playtime_hours,31,31,0,21.3,7.4,44.8,14.6,40.7,"Nonparametric bootstrap, 2,000 resamples."
recommendation_text_relation,Non-evaluative text,helpful_count,31,31,0,0.0,0.0,0.0,0.0,0.0,"Nonparametric bootstrap, 2,000 resamples."
recommendation_text_relation,Non-evaluative text,funny_count,31,31,0,0.0,0.0,0.0,0.0,0.0,"Nonparametric bootstrap, 2,000 resamples."
recommendation_text_relation,Non-evaluative text,word_count,31,31,0,5.0,2.5,12.0,4.0,10.0,"Nonparametric bootstrap, 2,000 resamples."
recommendation_text_relation,Qualified / mixed opinion,playtime_hours,45,45,0,61.0,21.2,196.8,45.4,147.9,"Nonparametric bootstrap, 2,000 resamples."
recommendation_text_relation,Qualified / mixed opinion,helpful_count,45,45,0,0.0,0.0,1.0,0.0,0.0,"Nonparametric bootstrap, 2,000 resamples."
recommendation_text_relation,Qualified / mixed opinion,funny_count,45,45,0,0.0,0.0,0.0,0.0,0.0,"Nonparametric bootstrap, 2,000 resamples."
recommendation_text_relation,Qualified / mixed opinion,word_count,45,45,0,34.0,16.0,79.0,21.0,44.0,"Nonparametric bootstrap, 2,000 resamples."
player_group,Casual (10–50h),playtime_hours,110,110,0,24.85,16.1,36.325,21.35,30.6,"Nonparametric bootstrap, 2,000 resamples."
player_group,Casual (10–50h),helpful_count,110,110,0,0.0,0.0,0.0,0.0,0.0,"Nonparametric bootstrap, 2,000 resamples."
player_group,Casual (10–50h),funny_count,110,110,0,0.0,0.0,0.0,0.0,0.0,"Nonparametric bootstrap, 2,000 resamples."
player_group,Casual (10–50h),word_count,110,110,0,7.5,2.0,19.0,5.0,11.0,"Nonparametric bootstrap, 2,000 resamples."
player_group,Hardcore (>300h),playtime_hours,13,13,0,616.2,377.7,800.7,377.7,800.7,"Nonparametric bootstrap, 2,000 resamples."
player_group,Hardcore (>300h),helpful_count,13,13,0,0.0,0.0,2.0,0.0,2.0,"Nonparametric bootstrap, 2,000 resamples."
player_group,Hardcore (>300h),funny_count,13,13,0,0.0,0.0,0.0,0.0,0.0,"Nonparametric bootstrap, 2,000 resamples."
player_group,Hardcore (>300h),word_count,13,13,0,47.0,12.0,111.0,12.0,111.0,"Nonparametric bootstrap, 2,000 resamples."
player_group,New (≤10h),playtime_hours,53,53,0,5.2,3.7,7.4,4.6,6.8,"Nonparametric bootstrap, 2,000 resamples."
player_group,New (≤10h),helpful_count,53,53,0,0.0,0.0,0.0,0.0,0.0,"Nonparametric bootstrap, 2,000 resamples."
player_group,New (≤10h),funny_count,53,53,0,0.0,0.0,0.0,0.0,0.0,"Nonparametric bootstrap, 2,000 resamples."
player_group,New (≤10h),word_count,53,53,0,4.0,2.0,15.0,3.0,8.0,"Nonparametric bootstrap, 2,000 resamples."
player_group,Regular (50–100h),playtime_hours,39,39,0,67.4,60.75,75.30000000000001,63.6,71.8,"Nonparametric bootstrap, 2,000 resamples."
player_group,Regular (50–100h),helpful_count,39,39,0,0.0,0.0,0.0,0.0,0.0,"Nonparametric bootstrap, 2,000 resamples."
player_group,Regular (50–100h),funny_count,39,39,0,0.0,0.0,0.0,0.0,0.0,"Nonparametric bootstrap, 2,000 resamples."
player_group,Regular (50–100h),word_count,39,39,0,10.0,3.0,26.0,4.0,16.0,"Nonparametric bootstrap, 2,000 resamples."
player_group,Veteran (100–300h),playtime_hours,47,47,0,167.0,132.95,206.0,146.9,196.8,"Nonparametric bootstrap, 2,000 resamples."
player_group,Veteran (100–300h),helpful_count,47,47,0,1.0,0.0,2.0,0.0,1.0,"Nonparametric bootstrap, 2,000 resamples."
player_group,Veteran (100–300h),funny_count,47,47,0,0.0,0.0,0.0,0.0,0.0,"Nonparametric bootstrap, 2,000 resamples."
player_group,Veteran (100–300h),word_count,47,47,0,28.0,6.5,90.0,15.0,57.0,"Nonparametric bootstrap, 2,000 resamples."
