model,kind,repeat,fold,n_train,n_validation,accuracy,balanced_accuracy,macro_f1
most_frequent,baseline,1,1,149,38,0.47368421052631576,0.25,0.16071428571428573
word_unigram_logreg,text_model,1,1,149,38,0.631578947368421,0.6518849206349207,0.6231264255457805
word_1_2gram_logreg,text_model,1,1,149,38,0.631578947368421,0.6518849206349207,0.6231264255457805
char_3_5gram_logreg,text_model,1,1,149,38,0.7105263157894737,0.6748015873015872,0.6850490196078431
steam_recommendation_mapping,metadata_baseline,1,1,149,38,0.6842105263157895,0.5,0.41787439613526567
most_frequent,baseline,1,2,150,37,0.4864864864864865,0.25,0.16363636363636364
word_unigram_logreg,text_model,1,2,150,37,0.4864864864864865,0.4871031746031746,0.44791666666666663
word_1_2gram_logreg,text_model,1,2,150,37,0.5405405405405406,0.5540674603174602,0.5145833333333333
char_3_5gram_logreg,text_model,1,2,150,37,0.6486486486486487,0.6314484126984127,0.6033279220779221
steam_recommendation_mapping,metadata_baseline,1,2,150,37,0.6756756756756757,0.46875,0.388755980861244
most_frequent,baseline,1,3,149,38,0.47368421052631576,0.25,0.16071428571428573
word_unigram_logreg,text_model,1,3,149,38,0.6842105263157895,0.6623015873015873,0.6623015873015873
word_1_2gram_logreg,text_model,1,3,149,38,0.6052631578947368,0.5265873015873016,0.55
char_3_5gram_logreg,text_model,1,3,149,38,0.631578947368421,0.5578373015873016,0.582051282051282
steam_recommendation_mapping,metadata_baseline,1,3,149,38,0.631578947368421,0.4375,0.375
most_frequent,baseline,1,4,150,37,0.5135135135135135,0.25,0.16964285714285715
word_unigram_logreg,text_model,1,4,150,37,0.5675675675675675,0.468734335839599,0.46249999999999997
word_1_2gram_logreg,text_model,1,4,150,37,0.5675675675675675,0.4461779448621554,0.4502879403794038
char_3_5gram_logreg,text_model,1,4,150,37,0.6756756756756757,0.6092731829573934,0.6096688034188034
steam_recommendation_mapping,metadata_baseline,1,4,150,37,0.7027027027027027,0.5,0.4001196172248804
most_frequent,baseline,1,5,150,37,0.5135135135135135,0.25,0.16964285714285715
word_unigram_logreg,text_model,1,5,150,37,0.7837837837837838,0.8008771929824562,0.7599681020733653
word_1_2gram_logreg,text_model,1,5,150,37,0.7567567567567568,0.7651629072681704,0.7326340326340326
char_3_5gram_logreg,text_model,1,5,150,37,0.7837837837837838,0.7046365914786967,0.7122668997668997
steam_recommendation_mapping,metadata_baseline,1,5,150,37,0.7027027027027027,0.5,0.4208776595744681
most_frequent,baseline,2,1,149,38,0.5,0.25,0.16666666666666666
word_unigram_logreg,text_model,2,1,149,38,0.6578947368421053,0.643969298245614,0.6405103066867773
word_1_2gram_logreg,text_model,2,1,149,38,0.6578947368421053,0.643969298245614,0.6405103066867773
char_3_5gram_logreg,text_model,2,1,149,38,0.6578947368421053,0.531359649122807,0.5452380952380952
steam_recommendation_mapping,metadata_baseline,2,1,149,38,0.7105263157894737,0.5,0.4332107843137255
most_frequent,baseline,2,2,150,37,0.4864864864864865,0.25,0.16363636363636364
word_unigram_logreg,text_model,2,2,150,37,0.7297297297297297,0.6106150793650793,0.6144338118022328
word_1_2gram_logreg,text_model,2,2,150,37,0.7027027027027027,0.5749007936507936,0.5745726495726495
char_3_5gram_logreg,text_model,2,2,150,37,0.7567567567567568,0.6512896825396826,0.6744883040935672
steam_recommendation_mapping,metadata_baseline,2,2,150,37,0.6756756756756757,0.46875,0.3944444444444445
most_frequent,baseline,2,3,149,38,0.5,0.25,0.16666666666666666
word_unigram_logreg,text_model,2,3,149,38,0.6842105263157895,0.7224780701754387,0.668997668997669
word_1_2gram_logreg,text_model,2,3,149,38,0.7631578947368421,0.806469298245614,0.7560331825037707
char_3_5gram_logreg,text_model,2,3,149,38,0.7631578947368421,0.7883771929824561,0.746474358974359
steam_recommendation_mapping,metadata_baseline,2,3,149,38,0.6578947368421053,0.4375,0.38137755102040816
most_frequent,baseline,2,4,150,37,0.4864864864864865,0.25,0.16363636363636364
word_unigram_logreg,text_model,2,4,150,37,0.5675675675675675,0.4805555555555555,0.4678932178932179
word_1_2gram_logreg,text_model,2,4,150,37,0.5675675675675675,0.4805555555555555,0.46689640768588136
char_3_5gram_logreg,text_model,2,4,150,37,0.5135135135135135,0.4384920634920635,0.38646616541353385
steam_recommendation_mapping,metadata_baseline,2,4,150,37,0.6756756756756757,0.5,0.398989898989899
most_frequent,baseline,2,5,150,37,0.4864864864864865,0.25,0.16363636363636364
word_unigram_logreg,text_model,2,5,150,37,0.6756756756756757,0.6587301587301587,0.6132201132201133
word_1_2gram_logreg,text_model,2,5,150,37,0.7027027027027027,0.6726190476190477,0.6488095238095238
char_3_5gram_logreg,text_model,2,5,150,37,0.6216216216216216,0.573015873015873,0.5391891891891891
steam_recommendation_mapping,metadata_baseline,2,5,150,37,0.6756756756756757,0.5,0.3935128518971848
most_frequent,baseline,3,1,149,38,0.5,0.25,0.16666666666666666
word_unigram_logreg,text_model,3,1,149,38,0.631578947368421,0.5616541353383459,0.5529034690799397
word_1_2gram_logreg,text_model,3,1,149,38,0.5789473684210527,0.49849624060150377,0.49893162393162394
char_3_5gram_logreg,text_model,3,1,149,38,0.6052631578947368,0.47481203007518796,0.47298534798534797
steam_recommendation_mapping,metadata_baseline,3,1,149,38,0.6578947368421053,0.4642857142857143,0.3785982478097622
most_frequent,baseline,3,2,149,38,0.47368421052631576,0.25,0.16071428571428573
word_unigram_logreg,text_model,3,2,149,38,0.5526315789473685,0.4988095238095238,0.5004329004329005
word_1_2gram_logreg,text_model,3,2,149,38,0.5789473684210527,0.5300595238095238,0.5333333333333333
char_3_5gram_logreg,text_model,3,2,149,38,0.6842105263157895,0.6029761904761906,0.6159188034188035
steam_recommendation_mapping,metadata_baseline,3,2,149,38,0.6842105263157895,0.5,0.41787439613526567
most_frequent,baseline,3,3,150,37,0.4864864864864865,0.25,0.16363636363636364
word_unigram_logreg,text_model,3,3,150,37,0.7027027027027027,0.7425595238095238,0.7013888888888888
word_1_2gram_logreg,text_model,3,3,150,37,0.7027027027027027,0.7470238095238094,0.7086277521761393
char_3_5gram_logreg,text_model,3,3,150,37,0.7297297297297297,0.7247023809523809,0.702038770053476
steam_recommendation_mapping,metadata_baseline,3,3,150,37,0.7027027027027027,0.5,0.41507177033492826
most_frequent,baseline,3,4,150,37,0.5135135135135135,0.25,0.16964285714285715
word_unigram_logreg,text_model,3,4,150,37,0.7027027027027027,0.7162907268170426,0.6825184619302267
word_1_2gram_logreg,text_model,3,4,150,37,0.7297297297297297,0.7294486215538848,0.7023310023310023
char_3_5gram_logreg,text_model,3,4,150,37,0.8378378378378378,0.7820802005012532,0.7982295482295483
steam_recommendation_mapping,metadata_baseline,3,4,150,37,0.6756756756756757,0.4642857142857143,0.3829923273657289
most_frequent,baseline,3,5,150,37,0.4864864864864865,0.25,0.16363636363636364
word_unigram_logreg,text_model,3,5,150,37,0.5945945945945946,0.5770833333333333,0.5556913674560734
word_1_2gram_logreg,text_model,3,5,150,37,0.6756756756756757,0.6083333333333334,0.6388791162397973
char_3_5gram_logreg,text_model,3,5,150,37,0.6756756756756757,0.6083333333333334,0.6110360360360361
steam_recommendation_mapping,metadata_baseline,3,5,150,37,0.6756756756756757,0.46875,0.40153452685422
most_frequent,baseline,4,1,149,38,0.47368421052631576,0.25,0.16071428571428573
word_unigram_logreg,text_model,4,1,149,38,0.6578947368421053,0.6470238095238094,0.6389705882352942
word_1_2gram_logreg,text_model,4,1,149,38,0.6842105263157895,0.6564484126984127,0.6449248120300752
char_3_5gram_logreg,text_model,4,1,149,38,0.7368421052631579,0.7060515873015872,0.7174629987129988
steam_recommendation_mapping,metadata_baseline,4,1,149,38,0.6842105263157895,0.5,0.41787439613526567
most_frequent,baseline,4,2,149,38,0.47368421052631576,0.25,0.16071428571428573
word_unigram_logreg,text_model,4,2,149,38,0.7105263157894737,0.6703373015873015,0.6650186071238703
word_1_2gram_logreg,text_model,4,2,149,38,0.7105263157894737,0.7095238095238094,0.6777097902097902
char_3_5gram_logreg,text_model,4,2,149,38,0.7368421052631579,0.6886904761904762,0.6955128205128205
steam_recommendation_mapping,metadata_baseline,4,2,149,38,0.6578947368421053,0.46875,0.38421052631578945
most_frequent,baseline,4,3,150,37,0.5135135135135135,0.25,0.16964285714285715
word_unigram_logreg,text_model,4,3,150,37,0.6486486486486487,0.5652255639097745,0.5803571428571428
word_1_2gram_logreg,text_model,4,3,150,37,0.6756756756756757,0.5783834586466166,0.6076760637736247
char_3_5gram_logreg,text_model,4,3,150,37,0.7027027027027027,0.5915413533834587,0.6257047216349542
steam_recommendation_mapping,metadata_baseline,4,3,150,37,0.6756756756756757,0.4642857142857143,0.3896276595744681
most_frequent,baseline,4,4,150,37,0.5135135135135135,0.25,0.16964285714285715
word_unigram_logreg,text_model,4,4,150,37,0.6486486486486487,0.5901629072681704,0.5555555555555556
word_1_2gram_logreg,text_model,4,4,150,37,0.6486486486486487,0.5735588972431078,0.5920055821371611
char_3_5gram_logreg,text_model,4,4,150,37,0.7297297297297297,0.6355889724310777,0.6458333333333334
steam_recommendation_mapping,metadata_baseline,4,4,150,37,0.6756756756756757,0.4642857142857143,0.3829923273657289
most_frequent,baseline,4,5,150,37,0.4864864864864865,0.25,0.16363636363636364
word_unigram_logreg,text_model,4,5,150,37,0.5405405405405406,0.5709325396825398,0.5274509803921569
word_1_2gram_logreg,text_model,4,5,150,37,0.5405405405405406,0.5099206349206349,0.4950980392156863
char_3_5gram_logreg,text_model,4,5,150,37,0.6486486486486487,0.6438492063492064,0.615625
steam_recommendation_mapping,metadata_baseline,4,5,150,37,0.7027027027027027,0.5,0.4222222222222222
most_frequent,baseline,5,1,150,37,0.5135135135135135,0.25,0.16964285714285715
word_unigram_logreg,text_model,5,1,150,37,0.6216216216216216,0.5972431077694236,0.5721611721611721
word_1_2gram_logreg,text_model,5,1,150,37,0.6756756756756757,0.5950501253132832,0.6118742368742369
char_3_5gram_logreg,text_model,5,1,150,37,0.7567567567567568,0.6915413533834587,0.6967948717948718
steam_recommendation_mapping,metadata_baseline,5,1,150,37,0.6756756756756757,0.4642857142857143,0.3896276595744681
most_frequent,baseline,5,2,149,38,0.5,0.25,0.16666666666666666
word_unigram_logreg,text_model,5,2,149,38,0.631578947368421,0.6120614035087719,0.6007130124777184
word_1_2gram_logreg,text_model,5,2,149,38,0.631578947368421,0.6120614035087719,0.6007130124777184
char_3_5gram_logreg,text_model,5,2,149,38,0.6578947368421053,0.625219298245614,0.6062271062271062
steam_recommendation_mapping,metadata_baseline,5,2,149,38,0.7105263157894737,0.5,0.4170480549199085
most_frequent,baseline,5,3,149,38,0.47368421052631576,0.25,0.16071428571428573
word_unigram_logreg,text_model,5,3,149,38,0.7105263157894737,0.6124007936507936,0.6114182364182364
word_1_2gram_logreg,text_model,5,3,149,38,0.7105263157894737,0.6342261904761906,0.6363636363636364
char_3_5gram_logreg,text_model,5,3,149,38,0.6842105263157895,0.5842261904761905,0.573726415831679
steam_recommendation_mapping,metadata_baseline,5,3,149,38,0.6578947368421053,0.46875,0.38421052631578945
most_frequent,baseline,5,4,150,37,0.4864864864864865,0.25,0.16363636363636364
word_unigram_logreg,text_model,5,4,150,37,0.5675675675675675,0.5091269841269841,0.5031610557926347
word_1_2gram_logreg,text_model,5,4,150,37,0.5945945945945946,0.5448412698412699,0.5317982456140351
char_3_5gram_logreg,text_model,5,4,150,37,0.6486486486486487,0.6305555555555555,0.6202319245082403
steam_recommendation_mapping,metadata_baseline,5,4,150,37,0.6486486486486487,0.4642857142857143,0.39148936170212767
most_frequent,baseline,5,5,150,37,0.4864864864864865,0.25,0.16363636363636364
word_unigram_logreg,text_model,5,5,150,37,0.7027027027027027,0.7296626984126984,0.700937950937951
word_1_2gram_logreg,text_model,5,5,150,37,0.6756756756756757,0.6845238095238094,0.6731643356643358
char_3_5gram_logreg,text_model,5,5,150,37,0.7297297297297297,0.6984126984126984,0.687907268170426
steam_recommendation_mapping,metadata_baseline,5,5,150,37,0.7027027027027027,0.5,0.41507177033492826
most_frequent,baseline,6,1,149,38,0.47368421052631576,0.25,0.16071428571428573
word_unigram_logreg,text_model,6,1,149,38,0.7105263157894737,0.71984126984127,0.7078431372549019
word_1_2gram_logreg,text_model,6,1,149,38,0.7105263157894737,0.7055555555555556,0.6904376325428957
char_3_5gram_logreg,text_model,6,1,149,38,0.7368421052631579,0.6645833333333333,0.6572199730094467
steam_recommendation_mapping,metadata_baseline,6,1,149,38,0.631578947368421,0.4375,0.38367346938775515
most_frequent,baseline,6,2,150,37,0.4864864864864865,0.25,0.16363636363636364
word_unigram_logreg,text_model,6,2,150,37,0.6216216216216216,0.5236111111111111,0.5128003003003003
word_1_2gram_logreg,text_model,6,2,150,37,0.6486486486486487,0.5375,0.5366541353383458
char_3_5gram_logreg,text_model,6,2,150,37,0.6486486486486487,0.5736111111111111,0.5578947368421052
steam_recommendation_mapping,metadata_baseline,6,2,150,37,0.6756756756756757,0.46875,0.3944444444444445
most_frequent,baseline,6,3,150,37,0.5135135135135135,0.25,0.16964285714285715
word_unigram_logreg,text_model,6,3,150,37,0.7567567567567568,0.6915413533834587,0.7094017094017094
word_1_2gram_logreg,text_model,6,3,150,37,0.8378378378378378,0.8105889724310777,0.8167855536276589
char_3_5gram_logreg,text_model,6,3,150,37,0.8108108108108109,0.7320802005012531,0.7577380952380952
steam_recommendation_mapping,metadata_baseline,6,3,150,37,0.7027027027027027,0.5,0.4124040920716112
most_frequent,baseline,6,4,149,38,0.47368421052631576,0.25,0.16071428571428573
word_unigram_logreg,text_model,6,4,149,38,0.6578947368421053,0.6394841269841269,0.6016188112962306
word_1_2gram_logreg,text_model,6,4,149,38,0.7105263157894737,0.6672619047619047,0.6554060490592999
char_3_5gram_logreg,text_model,6,4,149,38,0.7368421052631579,0.7248015873015873,0.7208333333333332
steam_recommendation_mapping,metadata_baseline,6,4,149,38,0.6842105263157895,0.5,0.4105263157894737
most_frequent,baseline,6,5,150,37,0.5135135135135135,0.25,0.16964285714285715
word_unigram_logreg,text_model,6,5,150,37,0.5405405405405406,0.6367481203007519,0.5561965811965812
word_1_2gram_logreg,text_model,6,5,150,37,0.5945945945945946,0.5418233082706767,0.5347222222222222
char_3_5gram_logreg,text_model,6,5,150,37,0.5405405405405406,0.5422932330827067,0.5063131313131313
steam_recommendation_mapping,metadata_baseline,6,5,150,37,0.7027027027027027,0.5,0.4001196172248804
most_frequent,baseline,7,1,150,37,0.5135135135135135,0.25,0.16964285714285715
word_unigram_logreg,text_model,7,1,150,37,0.6486486486486487,0.5818922305764411,0.5867729831144466
word_1_2gram_logreg,text_model,7,1,150,37,0.6756756756756757,0.5867167919799499,0.6208333333333333
char_3_5gram_logreg,text_model,7,1,150,37,0.5945945945945946,0.4818922305764411,0.49493142516398325
steam_recommendation_mapping,metadata_baseline,7,1,150,37,0.6486486486486487,0.4285714285714286,0.3645833333333333
most_frequent,baseline,7,2,149,38,0.5,0.25,0.16666666666666666
word_unigram_logreg,text_model,7,2,149,38,0.6842105263157895,0.5549342105263158,0.5582767722473605
word_1_2gram_logreg,text_model,7,2,149,38,0.6842105263157895,0.6119517543859649,0.5917136591478696
char_3_5gram_logreg,text_model,7,2,149,38,0.6842105263157895,0.5736842105263158,0.5958333333333333
steam_recommendation_mapping,metadata_baseline,7,2,149,38,0.7105263157894737,0.5,0.4111111111111111
most_frequent,baseline,7,3,150,37,0.4864864864864865,0.25,0.16363636363636364
word_unigram_logreg,text_model,7,3,150,37,0.6216216216216216,0.6746031746031746,0.6041064198958936
word_1_2gram_logreg,text_model,7,3,150,37,0.6486486486486487,0.6742063492063491,0.625
char_3_5gram_logreg,text_model,7,3,150,37,0.7297297297297297,0.7158730158730158,0.6869318181818183
steam_recommendation_mapping,metadata_baseline,7,3,150,37,0.6756756756756757,0.5,0.398989898989899
most_frequent,baseline,7,4,149,38,0.47368421052631576,0.25,0.16071428571428573
word_unigram_logreg,text_model,7,4,149,38,0.6842105263157895,0.7157738095238094,0.66991341991342
word_1_2gram_logreg,text_model,7,4,149,38,0.7368421052631579,0.7390873015873016,0.7231877599524659
char_3_5gram_logreg,text_model,7,4,149,38,0.6578947368421053,0.6123015873015872,0.6213900134952767
steam_recommendation_mapping,metadata_baseline,7,4,149,38,0.6842105263157895,0.5,0.4375
most_frequent,baseline,7,5,150,37,0.4864864864864865,0.25,0.16363636363636364
word_unigram_logreg,text_model,7,5,150,37,0.6486486486486487,0.5560515873015873,0.5554563492063491
word_1_2gram_logreg,text_model,7,5,150,37,0.6486486486486487,0.5342261904761905,0.5449862637362637
char_3_5gram_logreg,text_model,7,5,150,37,0.6216216216216216,0.5203373015873016,0.5272737131289763
steam_recommendation_mapping,metadata_baseline,7,5,150,37,0.6756756756756757,0.46875,0.388755980861244
most_frequent,baseline,8,1,149,38,0.47368421052631576,0.25,0.16071428571428573
word_unigram_logreg,text_model,8,1,149,38,0.7105263157894737,0.6672619047619047,0.6477272727272727
word_1_2gram_logreg,text_model,8,1,149,38,0.631578947368421,0.5676587301587301,0.542796384901648
char_3_5gram_logreg,text_model,8,1,149,38,0.6578947368421053,0.5860119047619048,0.5830948595654478
steam_recommendation_mapping,metadata_baseline,8,1,149,38,0.6842105263157895,0.5,0.40454545454545454
most_frequent,baseline,8,2,149,38,0.5,0.25,0.16666666666666666
word_unigram_logreg,text_model,8,2,149,38,0.6052631578947368,0.6078947368421053,0.5596462361168244
word_1_2gram_logreg,text_model,8,2,149,38,0.6052631578947368,0.5484962406015038,0.5279146793852676
char_3_5gram_logreg,text_model,8,2,149,38,0.6842105263157895,0.6105263157894737,0.6047494172494172
steam_recommendation_mapping,metadata_baseline,8,2,149,38,0.6842105263157895,0.5,0.3953216374269006
most_frequent,baseline,8,3,150,37,0.5135135135135135,0.25,0.16964285714285715
word_unigram_logreg,text_model,8,3,150,37,0.6756756756756757,0.6295112781954888,0.6082971082971084
word_1_2gram_logreg,text_model,8,3,150,37,0.7567567567567568,0.7117167919799499,0.7072795625427204
char_3_5gram_logreg,text_model,8,3,150,37,0.6756756756756757,0.5130325814536341,0.5254861417652116
steam_recommendation_mapping,metadata_baseline,8,3,150,37,0.6756756756756757,0.4642857142857143,0.3979166666666667
most_frequent,baseline,8,4,150,37,0.4864864864864865,0.25,0.16363636363636364
word_unigram_logreg,text_model,8,4,150,37,0.7567567567567568,0.7569444444444444,0.7515873015873016
word_1_2gram_logreg,text_model,8,4,150,37,0.6756756756756757,0.6498015873015873,0.6736874236874236
char_3_5gram_logreg,text_model,8,4,150,37,0.6756756756756757,0.6403769841269842,0.6422969187675069
steam_recommendation_mapping,metadata_baseline,8,4,150,37,0.6756756756756757,0.46875,0.41023936170212766
most_frequent,baseline,8,5,150,37,0.4864864864864865,0.25,0.16363636363636364
word_unigram_logreg,text_model,8,5,150,37,0.5675675675675675,0.6131944444444444,0.5509901975419217
word_1_2gram_logreg,text_model,8,5,150,37,0.6756756756756757,0.6965277777777777,0.6683284457478006
char_3_5gram_logreg,text_model,8,5,150,37,0.7027027027027027,0.7104166666666666,0.6830808080808082
steam_recommendation_mapping,metadata_baseline,8,5,150,37,0.6756756756756757,0.46875,0.3944444444444445
most_frequent,baseline,9,1,149,38,0.5,0.25,0.16666666666666666
word_unigram_logreg,text_model,9,1,149,38,0.7368421052631579,0.6736842105263158,0.6862910481331534
word_1_2gram_logreg,text_model,9,1,149,38,0.7105263157894737,0.6093984962406015,0.6274159663865546
char_3_5gram_logreg,text_model,9,1,149,38,0.5789473684210527,0.4390977443609022,0.44860180469936567
steam_recommendation_mapping,metadata_baseline,9,1,149,38,0.6842105263157895,0.5,0.3953216374269006
most_frequent,baseline,9,2,149,38,0.5,0.25,0.16666666666666666
word_unigram_logreg,text_model,9,2,149,38,0.6842105263157895,0.5879699248120301,0.5802337398373983
word_1_2gram_logreg,text_model,9,2,149,38,0.6578947368421053,0.5379699248120301,0.5344799741602068
char_3_5gram_logreg,text_model,9,2,149,38,0.6842105263157895,0.5511278195488721,0.5482954545454546
steam_recommendation_mapping,metadata_baseline,9,2,149,38,0.6842105263157895,0.5,0.41666666666666663
most_frequent,baseline,9,3,150,37,0.4864864864864865,0.25,0.16363636363636364
word_unigram_logreg,text_model,9,3,150,37,0.6486486486486487,0.6756944444444445,0.6299145299145299
word_1_2gram_logreg,text_model,9,3,150,37,0.6486486486486487,0.6375,0.6246753246753247
char_3_5gram_logreg,text_model,9,3,150,37,0.6486486486486487,0.5930555555555556,0.5813601603075287
steam_recommendation_mapping,metadata_baseline,9,3,150,37,0.6756756756756757,0.46875,0.3944444444444445
most_frequent,baseline,9,4,150,37,0.4864864864864865,0.25,0.16363636363636364
word_unigram_logreg,text_model,9,4,150,37,0.5945945945945946,0.5942460317460317,0.5727813852813852
word_1_2gram_logreg,text_model,9,4,150,37,0.6216216216216216,0.6299603174603174,0.6090909090909091
char_3_5gram_logreg,text_model,9,4,150,37,0.6486486486486487,0.6175595238095238,0.6172757985257985
steam_recommendation_mapping,metadata_baseline,9,4,150,37,0.6756756756756757,0.46875,0.3944444444444445
most_frequent,baseline,9,5,150,37,0.4864864864864865,0.25,0.16363636363636364
word_unigram_logreg,text_model,9,5,150,37,0.5945945945945946,0.6840277777777777,0.6055026785249908
word_1_2gram_logreg,text_model,9,5,150,37,0.6216216216216216,0.6444444444444444,0.6141973834988541
char_3_5gram_logreg,text_model,9,5,150,37,0.7297297297297297,0.78125,0.7250457875457875
steam_recommendation_mapping,metadata_baseline,9,5,150,37,0.6756756756756757,0.46875,0.40153452685422
most_frequent,baseline,10,1,149,38,0.5,0.25,0.16666666666666666
word_unigram_logreg,text_model,10,1,149,38,0.5526315789473685,0.4793859649122807,0.48803418803418797
word_1_2gram_logreg,text_model,10,1,149,38,0.631578947368421,0.5550438596491228,0.567379679144385
char_3_5gram_logreg,text_model,10,1,149,38,0.6578947368421053,0.550109649122807,0.5864794120608074
steam_recommendation_mapping,metadata_baseline,10,1,149,38,0.6842105263157895,0.46875,0.40379901960784315
most_frequent,baseline,10,2,150,37,0.4864864864864865,0.25,0.16363636363636364
word_unigram_logreg,text_model,10,2,150,37,0.7297297297297297,0.694047619047619,0.706174924924925
word_1_2gram_logreg,text_model,10,2,150,37,0.7027027027027027,0.6583333333333333,0.6536184210526316
char_3_5gram_logreg,text_model,10,2,150,37,0.7837837837837838,0.7436507936507936,0.7660818713450293
steam_recommendation_mapping,metadata_baseline,10,2,150,37,0.6486486486486487,0.4642857142857143,0.39148936170212767
most_frequent,baseline,10,3,150,37,0.4864864864864865,0.25,0.16363636363636364
word_unigram_logreg,text_model,10,3,150,37,0.6486486486486487,0.5944444444444444,0.5996323529411764
word_1_2gram_logreg,text_model,10,3,150,37,0.6486486486486487,0.5944444444444444,0.6037581699346405
char_3_5gram_logreg,text_model,10,3,150,37,0.5945945945945946,0.5087301587301587,0.5213320463320463
steam_recommendation_mapping,metadata_baseline,10,3,150,37,0.6756756756756757,0.5,0.40588235294117647
most_frequent,baseline,10,4,149,38,0.47368421052631576,0.25,0.16071428571428573
word_unigram_logreg,text_model,10,4,149,38,0.6052631578947368,0.575595238095238,0.5531869446343131
word_1_2gram_logreg,text_model,10,4,149,38,0.7631578947368421,0.6936507936507936,0.6911075036075036
char_3_5gram_logreg,text_model,10,4,149,38,0.7105263157894737,0.6658730158730158,0.6463585434173669
steam_recommendation_mapping,metadata_baseline,10,4,149,38,0.6842105263157895,0.5,0.39610389610389607
most_frequent,baseline,10,5,150,37,0.5135135135135135,0.25,0.16964285714285715
word_unigram_logreg,text_model,10,5,150,37,0.5405405405405406,0.569078947368421,0.5156177156177156
word_1_2gram_logreg,text_model,10,5,150,37,0.5675675675675675,0.5794956140350876,0.5449446386946387
char_3_5gram_logreg,text_model,10,5,150,37,0.6216216216216216,0.556469298245614,0.5519841269841269
steam_recommendation_mapping,metadata_baseline,10,5,150,37,0.7027027027027027,0.46875,0.4080100125156445
