game_title,author_name,review_date,recommendation,playtime_hours,playtime_segment,is_veteran,word_count,helpful_count,funny_count,contains_update_keyword_refined,contains_bug_or_degradation_keyword,contains_positive_emotion,contains_negative_emotion,is_mourning_refined,is_mismatch_candidate,analysis_review,actual_sentiment,review_category,annotation_notes,mismatch_type,is_hard_mismatch,is_soft_mismatch,is_ambiguous,is_mismatch_or_ambiguous,primary_category
Phasmophobia,Clown,Posted: 12 May,Not Recommended,77.1,Regular,False,17,0,0,True,True,False,True,False,False,Rushed out a buggy and broken update so they could do an Alan Wake (2) collab. Marvelous.,Negative,Update Backlash; Sarcasm / Bug Complaint,"Negative jelas, menyalahkan update dan collab.",Aligned Negative,False,False,False,False,Update Backlash
Phasmophobia,Eggis,Posted: 12 May,Not Recommended,23.5,Casual,False,13,3,0,True,False,False,True,False,False,The latest update has ruined the experience for me ( bendy back gone),Negative,Update Backlash; Mourning-lite,Singkat tapi jelas update ruined experience.,Aligned Negative,False,False,False,False,Update Backlash
Phasmophobia,Tracker,Posted: May 12,Not Recommended,65.4,Regular,False,166,4,0,True,True,True,True,False,False,"This last update was a mess. It's been on the roadmap since 2022 yet the devs keep saying it was rushed at every turn. An update that is a flawed mess of so called features. If you like awful AI like animations and a dev team that will lie about the poor quality of updates and then deflect when called out for the lie, this is the game for you. If you don't want your model's hand in the middle of your screen or motion sickness from janky movement, The Other Side is a much better alternative. Also the cosmetics reset when you prestige so not only are they costly in game currency wise, but you cant even hold onto them if you want to get a new ID card for your account. I have played this game since before DOTs was an evidence type and with this update and the devs response to the blowback, I cant in good faith recommend this game to anyone.",Negative,Update Backlash; Developer Criticism,"Kritik update, dev response, gameplay degradation.",Aligned Negative,False,False,False,False,Update Backlash
Phasmophobia,King Chonk,Posted: May 12,Not Recommended,470.5,Hardcore,True,149,0,0,True,True,True,True,False,False,"TL;DR Don't get it yet character customization added animations that made it so sluggish I have played this game for many hours, maybe not as much as some of the community but still enough to enjoy my time with this game, I have been through the janky times of when the game first came out and I am still here with the janky times with the new character customization, and I cant currently recommend getting this game in its current state, it was just simply better before the customization update but now it feels sluggish, and while I understand the devs have fixed some of the issues with the Alan Wake release, it still isn't enough. This Character Customization update has been in the works for years, been pushed back time after time and it still comes out as a buggy mess the hell were the delays for then?",Negative,Update Backlash; Bug / Gameplay Degradation,"Veteran/high playtime, tidak recommend karena update.",Aligned Negative,False,False,False,False,Update Backlash
Phasmophobia,Scout,Posted: May 12,Not Recommended,476.6,Hardcore,True,418,3,0,True,True,True,True,False,False,"I used to really love playing this game, but it seems the devs have just been making questionable decisions ever since the item update. Rather than rework maps that no one likes, like school or prison, they reworked a beloved map. I actually like new Tanglewood, but it feels like they only did that because it was much easier to rework than a bigger map. The new update with character customization, which is when I'm writing this, added a load of new weird things I wish didn't make it to live. Using items now feels sluggish and can often be detrimental for survival when the ghost spawns right next to you to hunt. Wanna use incense? Hope you like the 1 second long animation before it gets going. Wanna use T3 salt to slow the ghost? Another 1 second animation. The way a lot of items are held now also bothers me as I can barely read the details some of the items have on their display now. It's so tiny and low resolution due to the distance from the camera that it makes it difficult to actually use stuff like T1 thermometer or even T3 sound recorder. Holding a video camera on a tripod also sucks since the screen on the camera is insanely tiny while holding JUST the camera puts it WAAAAY too close to my screen and I can't see anything but the little screen. The new character animations are broken and look worse than the placeholder ones we had. Someone turns around and the legs break. The arms and wrists look broken when holding most items, etc. To top it all off, they somehow broke dropping items. I've essentially gotten softlocked almost every job since the update since dropping an item is a gamble on whether or not it falls through the map. Goodbye perfect hunts. There's also still the bug of getting 3 evidence for one ghost, but it's a completely different ghost, and no, I'm not talking about a mimic. I mean getting 3 evidence for a wraith, but it somehow ends up being a spirit despite having proof that all the evidence wasn't for spirit. It's a shame because this game was a lot of fun to me, even on solo. It's still fun at its core, but with each new update comes a new issue that actively harms gameplay. I really hope the devs actually fix the bigger problems instead of focusing on small things because they're easier to do.",Negative,Mourning; Update Backlash,"Strong mourning. Dulu suka, sekarang kecewa.",Aligned Negative,False,False,False,False,Mourning
Phasmophobia,Biker,Posted: May 12,Not Recommended,50.0,Casual,False,16,9,1,False,False,False,False,False,False,"6 years and tons of money yet they can't get this game right, Utter clown devs.",Negative,Genuine Negative; Developer Criticism,"Singkat, hostile, low nuance.",Aligned Negative,False,False,False,False,Genuine Negative
Phasmophobia,Milk,Posted: May 12,Not Recommended,125.5,Veteran,True,166,3,0,True,True,True,True,True,False,"Phas had a special jankyness that brought a little charm to the game. Only thing they ever needed to fix was loading screen bugs and ghosts not functioning properly. The community asks for workshop or for more maps that make sense at the very least, just a few character customization options, more equipment, etc. Instead we got poop from a butt because the devs think they know better. This game has been downhill since they added the â¥â¥â¥â¥â¥â¥â¥ loadouts and bad way to add stuff to the truck. Quite literally the worst change to a game I've ever seen in my life. ""hey this exceedingly simple way to buy and add stuff to the truck looks a little plain, lets completely overhaul it and make it a guessing game as to what you just bought and to where it just went on the screen."" If we got a team of 5th graders to make a roadmap for this game we truly would have a better turnout.",Negative,Mourning; Update Backlash,Strong loss of old charm.,Aligned Negative,False,False,False,False,Mourning
Phasmophobia,Jona,Posted: May 12,Not Recommended,162.8,Veteran,True,179,5,1,True,False,True,False,True,False,"So were supposed to get character customization and yet we only got a bunch of random assets thrown together. The game has been out for over a half a decade and yet it feels more and more early access as more updates gets out. just revert back to the old update with the old characters and old maps- legit no one asked for these revamps and changes. If you gotta put in a character customization then do it right as you promised years ago. + half of the time ghosts does their ""special power or interactions"" it does not prove to be the right ghost anyway due to small changes that no one knows about unless you prob read their discord. The game was great at the point where you would go to the door in the lobby and a ghost would sneeze. But feels like the devs does not give a "" "" about what fans and the community wants and rather just want to print out random plushies and music box merch instead of fixing their game.",Negative,Update Backlash; Developer Criticism,Kritik update + dev priorities.,Aligned Negative,False,False,False,False,Update Backlash
Phasmophobia,mrâ¢step,Posted: May 12,Not Recommended,777.7,Hardcore,True,57,3,0,True,True,True,True,True,False,"This was a great game, an ""indie"" that made it big. The last update(s) have made it virtually unplayable. The UI is virtually unusable, the performance is now a stuttery mess, and all the ""indie janky charm"" has been replaced by ""failed realism"". 700+ hours in game, and I no longer recommend it after the last update.",Negative,Mourning; Bug / Gameplay Degradation,"Classic mourning: was great, no longer recommend.",Aligned Negative,False,False,False,False,Mourning
Phasmophobia,impulse,Posted: 12 May,Not Recommended,215.6,Veteran,True,31,0,0,True,True,True,False,True,False,"this game was great until the character update please revert :D or at least fix all the issues its caused, like the delay on almost everything and the weird new animations.",Negative,Mourning; Update Backlash,Sangat jelas mourning + revert request.,Aligned Negative,False,False,False,False,Mourning
Phasmophobia,Horax,Posted: May 12,Not Recommended,254.9,Veteran,True,4,4,0,False,False,False,False,False,False,We need a workshop,Neutral/Unclear,Feature Request; Low Information,Not Recommended tapi teks terlalu minim.,Ambiguous / Low Information,False,False,True,True,Feature Request
Phasmophobia,mylk,Posted: May 12,Not Recommended,32.7,Casual,False,393,0,1,True,True,False,True,False,False,"Super disappointed at the new update. I've been playing this game religiously with my friends before it went to buns. The 'character customization' is just a preset of character models, you can't actually customize the skin, hair, face, etc. There's barely any clothing and most of the accessories you have to purchase with in-game currency. Why even bother with customization when there's barely any options? 'We'll add more in future updates.' yeah but TWO (2) identical pair of pants? You can't even add in a skirt or even shorts? Not to mention how janky both the clothing and models interact. Makes you think, why not just add more characters to the pool instead of this half-ass 'customization' update? Oh right, they probably want to make clothing or avatar items locked behind a real paywall like skins or something. Onto the gameplay, the animation is buns. No one asked for this. Even if they did, they weren't asking for a 5 second delay before using any item. Looking at it from another player's perspective is cool and all but having our own hands in the screen is just annoying. Even more so having the equipment shrunk to accommodate the stupid hands, I can barely read any of the equipments as is let alone having it the size of a peenar. And the journal? With the little light clip? The devs probably think it's a cute touch huh? It would've been cute if not for the journal being five feet away from your face. Another thing that disappointed me was how the devs reacted, specifically the art director. They said, and I quote, ""The game is still plenty playable and once you get used to it, you might even forget some of the jank thats happening."" Really? This is what happens when you have devs with their heads so far up their poopoo hole, they don't care about you or the community. And I doubt he's just one of the 'bad eggs', their whole team probably thinks they can get away with this too. I won't be surprised if they pull a yanderedev with how they're 6 years in development and still in early access. If you don't have this game and want to try it out, don't. Just go play a bootleg roblox game, it's free and probably has way less 'jank' than this.",Negative,Update Backlash; Developer Criticism,"Strong negative, long complaint.",Aligned Negative,False,False,False,False,Update Backlash
Phasmophobia,Bleat,Posted: May 12,Not Recommended,126.2,Veteran,True,103,0,0,True,True,True,True,False,False,"The ""Player Character Update 0.17.0.0"" has shown that the dev team desperately needs to sit down and review their development and testing processes. There have been multiple minor issues with updates over the games lifetime, but this update in particular has been a horrendous display of complacency and negligence. I really hope the team can claw their way back up from this low point, as it's a game that myself and many others have genuinely enjoyed. But this last push of a severely underbaked update paired with a nonchalant attitude to players reacting negatively to said update, has been extremely disappointing to see.",Negative,Update Backlash; Developer Criticism,"Formal criticism, update/testing process.",Aligned Negative,False,False,False,False,Update Backlash
Phasmophobia,Grialv,Posted: May 12,Not Recommended,11.3,Casual,False,58,2,1,True,True,True,True,False,False,"Weird animations, broken game, â¥â¥â¥â¥â¥â¥ models replacing the golden ones. This update â¥â¥â¥â¥â¥â¥ up the game and made it unplayable and unenjoyable, how does a company with a budget in the millions churn out something so unpolished and unfinished while other groups in the same boat do it fine with no questions? If I could refund, I would.",Negative,Bug / Gameplay Degradation; Update Backlash,Bug/degradation sangat kuat.,Aligned Negative,False,False,False,False,Bug / Gameplay Degradation
Phasmophobia,Hubert1234,Posted: May 12,Not Recommended,47.3,Casual,False,1,2,0,False,False,False,False,False,False,no,Negative,Low Information; Genuine Negative,"Label negative, tapi isi sangat minim.",Aligned Negative,False,False,False,False,Low Information
Phasmophobia,Taylor1998newfie,Posted: May 12,Not Recommended,630.3,Hardcore,True,105,4,0,True,True,False,True,False,False,"Boycott until the jank is fixed. They company has made 2 million some odd dollars from this game, early access( 6 years) , lack lustre updates that take months at a time and when we do get the updates they are broken, shallow or just plain boring . Idk what happened to the phasmo of yore but something needs to happen and CJâs message to put the blame on others and told us to â get used to it, itâs not that bad once you play it enough â essentially * once you swim in â¥â¥â¥â¥ for long enough you wonât realize youâre in â¥â¥â¥â¥*",Negative,Update Backlash; Developer Criticism,Strong boycott/backlash.,Aligned Negative,False,False,False,False,Update Backlash
Phasmophobia,Trufas,Posted: May 12,Not Recommended,101.0,Veteran,True,57,11,0,True,False,True,True,True,False,"Multi-million dollars studio that acts aimlessly with their golden goose, lack of consistent updates and very terrible decisions in recent times. They killed my enjoyement of the game with the most recent animation update and their response to the community's backlash was out of touch, I'd personally advise to avoid buying the game for the time being.",Negative,Mourning; Update Backlash,Killed my enjoyment = mourning/frustration.,Aligned Negative,False,False,False,False,Mourning
Phasmophobia,Whitechapel,Posted: May 12,Not Recommended,286.1,Veteran,True,490,2,0,True,True,True,True,True,False,"TLDR; New gamers, I urge you not to buy this game. Do not throw good money after bad. The majority of good reviews for this game are for an archived version of ""Phasmophobia"" which is longer exists and/or in not available after 05/05/26. After the debacle that is the 5/5 0.17 Cosmetics update, I dared hope that the devs might listen and fix the worst offenders in the follow-up hotfix of 12/05/26. This patch failed to address the core issues of ""degraded visuals"" (Avatars, animations, visual bugs.) and ""Gameplay feel / pacing"" (How the player interacts with their equipment and interactions with game UI). The Hotfix ignores the community feedback regarding cosmetics and visual feel of the game entirely except for a token change to the video camera. Gameplay feedback has been poorly addressed: The much hated animations were shortened or removed - except where they haven't been, or for some reason just revert to having animations which were supposedly removed. EG. Placing salt is instant, but you remain animation locked until the animation completes. Closing the journel animation locks you etc. There are also huge inconsistencies around when animations have been removed or will animation lock you partly due to the knee-jerk reaction of pruning SOME animations and NOT ALL. This gives the overall effect of feeling even more jarring than the previous BLANKET animation locks which the devs forced into 0.17. As for visual animations: I am 'pleased' to report that players can still turn their legs into noodley-knots simply by walking forwards and straffing left. More importantly objects held in your hand jitter and shudder when you turn your camera, leading to intense motion sickness and rendering some objects unusable unless you are stood still (Vid Cam). Tellingly; Whereas the cosmetics update has been 2 years in coming and we got 3 items of clothing with various colours and no ability to change hairstyles outside of choosing from character models which are vastly inferior to pre05/05 iterations; the Alan Wake collab is surprisingly (and suspiciously) polished. It makes me think that the time/money went towards this unrelated collab as a cash-in rather than going towards core gameplay/EA benchmark goals which had been promised for several years. I will not recommend this game due to the current game-breaking bugs, poor game ""feel"" and my own personal opinion that what started out as a true passion project has decided to cash-in on previous community good will for a quick buck. I have spent nearly 300hrs making amazing memories with friends in a game which no longer exists and which has replaced with a bastardised, janky and ugly malformed degeneration which sullies the name of the original (pre 05/05) game. It saddens me that my first ever review for a game is written to WARN other players away, but this is no longer the game 'Phasmophobia' which had overwhelmingly positive reviews. Phasmo devs: You Killed My Baby. Shame on you.",Negative,Mourning; Update Backlash,Strongest mourning. Old game no longer exists.,Aligned Negative,False,False,False,False,Mourning
Phasmophobia,briannanewkirk5,Posted: May 12,Recommended,152.3,Veteran,True,17,0,0,False,False,True,False,False,False,Very fun puzzle game with ghosts and really fun mechanics that make each game a unique experience,Positive,Genuine Positive,Positive straightforward.,Aligned Positive,False,False,False,False,Genuine Positive
Phasmophobia,bigsonnyt,Posted: May 12,Recommended,30.5,Casual,False,6,2,0,False,False,True,False,False,False,it is very good and nice,Positive,Genuine Positive; Low Information,Positive tapi pendek.,Aligned Positive,False,False,False,False,Genuine Positive
Phasmophobia,bradyhargraves,Posted: May 12,Recommended,33.9,Casual,False,14,0,0,True,False,True,False,False,True,"great game, some players are so whiny about update ""waaah waaah its slow waaah""",Positive,Mixed Positive; Community Defense,"Positive, membela update dari kritik orang lain.",Aligned Positive,False,False,False,False,Mixed Positive
Phasmophobia,Daman Singh,Posted: May 12,Recommended,15.7,Casual,False,6,0,0,False,False,True,False,False,False,best horror game i ever had,Positive,Genuine Positive; Low Information,Positive pendek.,Aligned Positive,False,False,False,False,Genuine Positive
Phasmophobia,Donciukas,Posted: May 12,Recommended,13.3,Casual,False,4,0,0,False,False,True,False,False,False,"very good, very scary",Positive,Genuine Positive; Low Information,Positive pendek.,Aligned Positive,False,False,False,False,Genuine Positive
Phasmophobia,markylough,Posted: May 12,Recommended,59.7,Regular,False,3,0,0,False,False,False,False,False,False,*imaginary thumbsup emogi,Neutral/Unclear,Meme / Joke Review; Low Information,Recommendation positif tapi teks tidak evaluatif.,Ambiguous / Low Information,False,False,True,True,Meme / Joke Review
Phasmophobia,Azlayn,Posted: May 12,Recommended,69.1,Regular,False,4,0,0,False,False,False,False,False,False,i got the hantuvirus,Neutral/Unclear,Meme / Joke Review; Low Information,"Meme, bukan sentiment jelas.",Ambiguous / Low Information,False,False,True,True,Meme / Joke Review
Phasmophobia,The Mad Hatty,Posted: May 12,Recommended,425.4,Hardcore,True,16,0,0,False,False,True,False,False,False,This game is so much fun and when you are playing with friends it's even better!!,Positive,Genuine Positive,Positive clear.,Aligned Positive,False,False,False,False,Genuine Positive
Phasmophobia,HowdMyDikTzt,Posted: 12 May,Recommended,17.5,Casual,False,26,0,0,False,False,True,False,False,False,"One of the best games i've played in a while. it scratches that curious itch for the unknown, and its fun to play when you're bored",Positive,Genuine Positive,Positive clear.,Aligned Positive,False,False,False,False,Genuine Positive
Phasmophobia,Vampiric_Hamster,Posted: May 12,Recommended,219.7,Veteran,True,12,0,0,False,False,False,False,False,False,My insanity evidence would be UV and no i will not elaborate,Neutral/Unclear,Meme / Joke Review; Low Information,Joke/internal reference.,Ambiguous / Low Information,False,False,True,True,Meme / Joke Review
Phasmophobia,Muertowolf,Posted: 12 May,Recommended,1.9,New,False,29,0,0,False,False,True,False,False,False,"I liked this game but I didn't enjoy it enough to keep it. It's fun for people who like solving mystery's and puzzles, Good game just not my style.",Mixed,Not My Style / Refund; Mixed Positive,Recommended tapi refunded; tone mixed.,Soft Mismatch: Recommended but Mixed Text,False,True,False,True,Not My Style / Refund
Phasmophobia,SlamiTwosti,Posted: May 12,Recommended,30.3,Casual,False,26,0,0,False,False,False,False,False,False,Ghost is in room 1. I go room 1. Nothing happen in room 1. Ghost does ghost stuff and crawls out of room 2. I die.,Neutral/Unclear,Meme / Joke Review; Gameplay Anecdote,More anecdote than sentiment.,Ambiguous / Low Information,False,False,True,True,Meme / Joke Review
Phasmophobia,SatsuJin,Posted: May 12,Recommended,294.2,Veteran,True,5,0,0,False,False,True,False,False,False,Great game and great devs.,Positive,Genuine Positive; Low Information,Positive.,Aligned Positive,False,False,False,False,Genuine Positive
Phasmophobia,Not_XGI,Posted: May 12,Recommended,4.4,New,False,5,0,0,False,False,True,False,False,False,this game good as good,Positive,Genuine Positive; Low Information,Positive low info.,Aligned Positive,False,False,False,False,Genuine Positive
Phasmophobia,Kylie,Posted: 12 May,Recommended,44.1,Casual,False,18,0,0,False,False,False,False,False,False,I'm a lot less than just cleaning supplies and a lifeless bimbo body placed under a fabulous wig.,Neutral/Unclear,Meme / Joke Review; Low Information,Hard to interpret without context.,Ambiguous / Low Information,False,False,True,True,Meme / Joke Review
Phasmophobia,ðð¸ð·ð¼ð½ð®ð»,Posted: 12 May,Recommended,5.3,New,False,5,0,0,False,False,False,False,False,False,You can roast the ghost,Neutral/Unclear,Meme / Joke Review; Low Information,Meme/joke.,Ambiguous / Low Information,False,False,True,True,Meme / Joke Review
Phasmophobia,oceanblue181818,Posted: 12 May,Recommended,51.8,Regular,False,42,0,0,False,False,True,False,False,False,I enjoy the fact that there is equipment in the game that one uses in real life ghost hunts and paranormal investigations. I also like that the ghosts in this game are based on real folklore from different parts of the world.,Positive,Genuine Positive,"Positive, explains appreciation.",Aligned Positive,False,False,False,False,Genuine Positive
Phasmophobia,NightfallX,Posted: May 12,Recommended,37.1,Casual,False,14,0,0,True,True,True,False,False,True,amazing game. 10/10. they do need to fix the bugs with the new update,Mixed,Mixed Positive; Positive with Minor Complaint,"Positive overall, minor bug complaint.",Soft Mismatch: Recommended but Mixed Text,False,True,False,True,Mixed Positive
Phasmophobia,FoxerDiller,Posted: 12 May,Recommended,25.6,Casual,False,61,0,0,True,True,True,False,False,True,"I'm really enjoying this new update. The diner map is super fun and has a great, creepy vibe. Some people are hating on the update, i might be missing something, but so far everything is awesome. The only real issue I've seen is the fridge door glitching; it bugs out sometimes, but it hasn't stopped me from having a great time.",Mixed,Mixed Positive; Positive with Minor Complaint,Positive despite glitch mention.,Soft Mismatch: Recommended but Mixed Text,False,True,False,True,Mixed Positive
Phasmophobia,Oyster,Posted: 12 May,Recommended,72.7,Regular,False,19,0,0,False,True,False,False,False,True,its an alright game but for me its too clumsy and a bit glitchy so i rarely play it.,Mixed,Mixed Negative; Recommendation Mismatch Candidate,"Recommended label, but text leans weak/negative.",Soft Mismatch: Recommended but Mixed Text,False,True,False,True,Mixed Negative
