game_title,review_date,recommendation,playtime_raw,playtime_hours,playtime_segment,helpful_count,funny_count,weighted_vote_score,comment_count,contains_update_keyword,contains_bug_or_degradation,contains_positive_emotion,contains_negative_emotion,is_mourning,is_low_information,is_soft_mismatch_candidate,analysis_review,actual_sentiment,primary_category,secondary_category,annotation_notes,mismatch_type,is_hard_mismatch,is_soft_mismatch,is_ambiguous,is_mismatch_or_ambiguous,annotation_confidence,annotation_source
Phasmophobia,2026-06-12,Recommended,26.6 hrs on record,26.6,Casual,0,0,0.5,3.0,False,False,False,False,False,False,False,fent folding ghost killed my hb,Neutral/Unclear,Meme / Joke Review,Low Information,Meme-like review; evaluative sentiment toward the game is unclear.,Ambiguous / Low Information,False,False,True,True,Low,assistant_draft
Phasmophobia,2026-06-10,Recommended,5.1 hrs on record,5.1,New,0,0,0.5,0.0,False,False,True,False,False,False,False,very fun but can be scary at moments,Positive,Genuine Positive,,Straightforward positive Recommended review.,Aligned Positive,False,False,False,False,High,assistant_draft
Phasmophobia,2026-06-12,Recommended,5.1 hrs on record,5.1,New,0,0,0.4977664649486541,0.0,False,False,True,False,False,False,False,its fun and i wish people on playstation dont have to get playstation plus just to play with anyone on multiplayer.,Positive,Genuine Positive,Feature Request,"Positive overall, with a multiplayer/platform access wish.",Aligned Positive,False,False,False,False,High,assistant_draft
Phasmophobia,2026-06-09,Recommended,1344.7 hrs on record,1344.7,Hardcore,0,1,0.5,0.0,False,False,True,False,False,False,False,One of the best games out there at the moment! So stoked to see it become a movie!,Positive,Genuine Positive,,Straightforward positive Recommended review.,Aligned Positive,False,False,False,False,High,assistant_draft
Phasmophobia,2026-06-10,Recommended,140.6 hrs on record,140.6,Veteran,0,0,0.5,0.0,False,False,True,False,False,False,False,played this game since early release days and im still in love with every aspect of the game,Positive,Genuine Positive,,Straightforward positive Recommended review.,Aligned Positive,False,False,False,False,High,assistant_draft
Phasmophobia,2026-06-11,Recommended,57.5 hrs on record,57.5,Regular,0,0,0.5,0.0,False,False,True,False,False,False,False,"I would just loveee it if there were lobbies for 8 players because i made all my friends buy the game and now that we are 7-8 in our friend group we cannot play together and even if there are some mods for that i cannot trust them to not hack my computer, so im asking for yall to make the game for 8 players pretty please with a cherry on top",Positive,Genuine Positive,Feature Request,"Positive overall, mainly requests larger lobbies for friend groups.",Aligned Positive,False,False,False,False,High,assistant_draft
Phasmophobia,2026-06-11,Recommended,7.8 hrs on record,7.8,New,0,0,0.5,0.0,False,False,True,False,False,False,False,game is fun and scary at some points,Positive,Genuine Positive,,Straightforward positive Recommended review.,Aligned Positive,False,False,False,False,High,assistant_draft
Phasmophobia,2026-06-11,Recommended,75.4 hrs on record,75.4,Regular,0,0,0.5,0.0,False,False,True,False,False,False,False,"Such an amazing game, one of the games I can play for hours.",Positive,Genuine Positive,,Straightforward positive Recommended review.,Aligned Positive,False,False,False,False,High,assistant_draft
Phasmophobia,2026-06-11,Recommended,40.7 hrs on record,40.7,Casual,0,1,0.5,0.0,False,False,False,False,False,False,False,play with frinds but not with ones that count as 3 people,Positive,Genuine Positive,,Straightforward positive Recommended review.,Aligned Positive,False,False,False,False,High,assistant_draft
Phasmophobia,2026-06-09,Recommended,34.7 hrs on record,34.7,Casual,0,0,0.5,0.0,False,False,False,False,False,False,False,Pls don't play this for long cause when you do.. you can never lose.,Positive,Genuine Positive,,Straightforward positive Recommended review.,Aligned Positive,False,False,False,False,High,assistant_draft
Phasmophobia,2026-06-11,Recommended,86.3 hrs on record,86.3,Regular,0,0,0.5,0.0,False,False,True,False,False,False,False,"86 hours of my daily life wasted on this game, its pretty fun.",Positive,Genuine Positive,,Straightforward positive Recommended review.,Aligned Positive,False,False,False,False,High,assistant_draft
Phasmophobia,2026-06-10,Recommended,3.8 hrs on record,3.8,New,0,0,0.5,0.0,False,False,True,False,False,False,False,Fun and Funny. Play it with friends all the time and barely solve any haunts.,Positive,Genuine Positive,,Straightforward positive Recommended review.,Aligned Positive,False,False,False,False,High,assistant_draft
Phasmophobia,2026-06-13,Recommended,29.1 hrs on record,29.1,Casual,0,0,0.5,0.0,False,False,True,False,False,False,False,its a fun game to play with your friends,Positive,Genuine Positive,,Straightforward positive Recommended review.,Aligned Positive,False,False,False,False,High,assistant_draft
Phasmophobia,2026-06-10,Recommended,7.4 hrs on record,7.4,New,0,0,0.5,0.0,False,False,True,False,False,False,False,i just think its a good game but hard too play,Positive,Genuine Positive,,Straightforward positive Recommended review.,Aligned Positive,False,False,False,False,High,assistant_draft
Phasmophobia,2026-06-11,Recommended,22.1 hrs on record,22.1,Casual,0,0,0.5,0.0,False,False,True,False,False,False,False,"Very fun with friends, the amount of content is a good amount, and overall a very well put together game",Positive,Genuine Positive,,Straightforward positive Recommended review.,Aligned Positive,False,False,False,False,High,assistant_draft
Phasmophobia,2026-06-11,Recommended,8.8 hrs on record,8.8,New,0,0,0.5,0.0,False,False,True,False,False,False,False,very fun but make sure u play with friends,Positive,Genuine Positive,,Straightforward positive Recommended review.,Aligned Positive,False,False,False,False,High,assistant_draft
Phasmophobia,2026-06-12,Recommended,68.0 hrs on record,68.0,Regular,0,1,0.5,0.0,False,False,True,False,False,False,False,"fun game, also writing this at 67 hours, 6 7",Positive,Genuine Positive,,Straightforward positive Recommended review.,Aligned Positive,False,False,False,False,High,assistant_draft
Phasmophobia,2026-06-11,Recommended,22.6 hrs on record,22.6,Casual,0,0,0.5,0.0,False,False,True,False,False,False,False,A great game when played with friends. Scary and funny at the same time. Highly recommend!,Positive,Genuine Positive,,Straightforward positive Recommended review.,Aligned Positive,False,False,False,False,High,assistant_draft
Phasmophobia,2026-06-11,Recommended,3.3 hrs on record,3.3,New,0,0,0.5,0.0,False,False,False,False,False,False,False,saw the ghost got scared and left,Positive,Genuine Positive,,Straightforward positive Recommended review.,Aligned Positive,False,False,False,False,High,assistant_draft
Phasmophobia,2026-06-09,Recommended,33.3 hrs on record,33.3,Casual,0,0,0.5,0.0,False,False,True,False,False,False,False,Very fun game to play with friends,Positive,Genuine Positive,,Straightforward positive Recommended review.,Aligned Positive,False,False,False,False,High,assistant_draft
Phasmophobia,2026-06-09,Recommended,7.2 hrs on record,7.2,New,0,0,0.5,0.0,False,False,False,False,False,False,False,"peak, got gifted it and even better",Positive,Genuine Positive,,Straightforward positive Recommended review.,Aligned Positive,False,False,False,False,High,assistant_draft
Phasmophobia,2026-06-09,Recommended,25.9 hrs on record,25.9,Casual,0,0,0.5,0.0,False,False,True,False,False,False,False,"learning curve is tough, but fun with friends",Positive,Genuine Positive,,Straightforward positive Recommended review.,Aligned Positive,False,False,False,False,High,assistant_draft
Phasmophobia,2026-06-10,Recommended,146.9 hrs on record,146.9,Veteran,0,0,0.5,0.0,False,False,True,False,False,False,False,its a very good game but i think they made the game a bit worse with tangle wood,Mixed,Mixed Positive,Positive with Minor Complaint,"Recommended label and generally positive, but mentions the game became worse due to Tanglewood.",Soft Mismatch: Recommended but Mixed Text,False,True,False,True,Medium,assistant_draft
Phasmophobia,2026-06-10,Recommended,8.5 hrs on record,8.5,New,0,0,0.5,0.0,False,False,True,False,False,False,False,scary but good... great... awsome.... THE BEST!,Positive,Genuine Positive,,Straightforward positive Recommended review.,Aligned Positive,False,False,False,False,High,assistant_draft
Phasmophobia,2026-06-11,Recommended,46.4 hrs on record,46.4,Casual,0,0,0.5,0.0,False,False,True,False,False,False,False,it is a great game to play and really gives the horror vibe while ghost hunting,Positive,Genuine Positive,,Straightforward positive Recommended review.,Aligned Positive,False,False,False,False,High,assistant_draft
Phasmophobia,2026-06-10,Recommended,23.0 hrs on record,23.0,Casual,0,0,0.5,0.0,False,False,False,False,False,False,False,phasmophobia is a fairly well made game where the devs seem to somewhat care about the comunity and have contiunously added new content throughout the years,Positive,Genuine Positive,Developer Praise,Positive evaluation of the game and developers adding content.,Aligned Positive,False,False,False,False,High,assistant_draft
Phasmophobia,2026-06-11,Recommended,44.2 hrs on record,44.2,Casual,1,0,0.5238095521926879,0.0,False,False,True,False,False,False,False,very fun and gave me diarea,Neutral/Unclear,Meme / Joke Review,Gameplay Anecdote,Humorous review or gameplay anecdote with limited explicit evaluation.,Ambiguous / Low Information,False,False,True,True,Low,assistant_draft
Phasmophobia,2026-06-09,Recommended,14.6 hrs on record,14.6,Casual,0,1,0.5,0.0,False,False,False,False,False,False,False,the hantu bent me over and abused me from behind,Neutral/Unclear,Meme / Joke Review,Low Information,Sexualized joke; not enough clear evaluative content.,Ambiguous / Low Information,False,False,True,True,Low,assistant_draft
Phasmophobia,2026-06-11,Recommended,71.8 hrs on record,71.8,Regular,0,0,0.5,0.0,False,False,False,False,False,False,False,i shat my pants at least thrice,Neutral/Unclear,Meme / Joke Review,Gameplay Anecdote,Humorous review or gameplay anecdote with limited explicit evaluation.,Ambiguous / Low Information,False,False,True,True,Low,assistant_draft
Phasmophobia,2026-06-12,Recommended,21.4 hrs on record,21.4,Casual,0,0,0.5,0.0,False,False,False,False,False,False,False,Our professional ghost hunting team can take on an infestation of any level. Especially if it is the mimic. I have a special can of salt with his name on it.,Neutral/Unclear,Meme / Joke Review,Gameplay Anecdote,Roleplay/joke review rather than clear sentiment.,Ambiguous / Low Information,False,False,True,True,Low,assistant_draft
Phasmophobia,2026-06-09,Recommended,70.9 hrs on record,70.9,Regular,0,0,0.5,0.0,False,False,False,False,False,False,False,i dont know why these things are so angry murder is a bit much,Neutral/Unclear,Meme / Joke Review,Gameplay Anecdote,Humorous ghost-related comment without clear review evaluation.,Ambiguous / Low Information,False,False,True,True,Low,assistant_draft
Phasmophobia,2026-06-13,Recommended,3.6 hrs on record,3.6,New,0,0,0.5,0.0,False,False,False,False,False,False,False,the only thing i was certain was the what ever it was it wanted me gone 10/10,Positive,Genuine Positive,,Straightforward positive Recommended review.,Aligned Positive,False,False,False,False,High,assistant_draft
Phasmophobia,2026-06-10,Recommended,63.6 hrs on record,63.6,Regular,0,0,0.5,0.0,False,False,True,False,False,False,False,"pretty good, only wish we could also exercise the ghost with the evidence we found, would be a cool feature",Positive,Genuine Positive,Feature Request,Positive review with a suggestion for an additional ghost-exorcism feature.,Aligned Positive,False,False,False,False,High,assistant_draft
Phasmophobia,2026-06-10,Recommended,0.1 hrs on record,0.1,New,0,0,0.5,0.0,False,False,True,False,False,False,False,good game. never played though. I dont know how im able to review it.,Neutral/Unclear,Meme / Joke Review,Low Information,Claims good game but also says they never played; sentiment unreliable.,Ambiguous / Low Information,False,False,True,True,Low,assistant_draft
Phasmophobia,2026-06-09,Recommended,3.1 hrs on record,3.1,New,0,0,0.5,0.0,False,False,True,False,False,False,False,enter truck get items enter house emf 5 front door close demon hear voice dead game fun and scarey,Positive,Genuine Positive,,Straightforward positive Recommended review.,Aligned Positive,False,False,False,False,High,assistant_draft
Phasmophobia,2026-06-11,Not Recommended,196.4 hrs on record,196.4,Veteran,3,0,0.5,0.0,True,False,True,False,False,False,False,"Was fun before the latest updates, now it's just ♥♥♥♥",Negative,Mourning,Update Backlash,Says the game was fun before updates but is now bad.,Aligned Negative,False,False,False,False,High,assistant_draft
Phasmophobia,2026-06-11,Not Recommended,146.7 hrs on record,146.7,Veteran,4,0,0.5648242235183715,0.0,True,True,True,True,False,False,False,"Phasmophobia can be a fun game to play as solo or with your friends... that's if it even works half the time, the player customization has proven me that the developers are not listening to criticism and despite having millions and millions of dollars earned from this game, the recent update that changed the characters animation looks horrible and has introduced a TON of bugs. It's very evidently proven that this game was released on early access in 2020, and YET by the time I'm writing this nearly 6 years later, it still is in early access. I truly do wish this game can get better and the developers actually start listening to the community, but it doesn't seem like it. The optimization has also gotten so bad since the player customization update, that the amount of times it takes just for me to be taken back to the lobby screen sucks.",Negative,Update Backlash,Bug / Gameplay Degradation; Developer Criticism,"Negative review mainly criticizes recent updates, changes, or added animations/customization.",Aligned Negative,False,False,False,False,High,assistant_draft
Phasmophobia,2026-06-09,Not Recommended,43.4 hrs on record,43.4,Casual,0,0,0.5,0.0,True,True,False,False,False,False,False,"pretty much unplayable now, focused on the wrong things first. Why try to update graphics before adding dynamism to the game? the death animations have lost all impact and are just the same old garbage. There are so many ghosts each should have different types of animations... another case of tired devs and failed potential",Negative,Update Backlash,Bug / Gameplay Degradation; Developer Criticism,"Negative review mainly criticizes recent updates, changes, or added animations/customization.",Aligned Negative,False,False,False,False,High,assistant_draft
Phasmophobia,2026-06-10,Not Recommended,111.6 hrs on record,111.6,Veteran,1,0,0.52173912525177,0.0,True,False,False,True,False,False,False,PLEASE this is a bad update,Negative,Update Backlash,Update Complaint,"Negative review mainly criticizes recent updates, changes, or added animations/customization.",Aligned Negative,False,False,False,False,High,assistant_draft
Phasmophobia,2026-06-09,Not Recommended,203.1 hrs on record,203.1,Veteran,2,0,0.5258620381355285,1.0,True,True,True,True,False,False,False,the last update really made this game feel like a scuffed knock off of itself the game weirdly looks worse along side running worse i ran mid to high settings for phas but this update those same settings would crash and freeze my pc phas was a great game but as of current update its just bad.,Negative,Update Backlash,Bug / Gameplay Degradation,"Negative review mainly criticizes recent updates, changes, or added animations/customization.",Aligned Negative,False,False,False,False,High,assistant_draft
Phasmophobia,2026-06-13,Not Recommended,238.7 hrs on record,238.7,Veteran,1,0,0.5,0.0,True,False,True,False,True,False,False,"This game was super super fun. Not a fan AT ALL of the customization update so far. The animations are way worse now for everything, character models barely got more customization. Super fun game if you can ignore all the new changes they made. If they went back to what they used to have or fix this my rating would go wayyyy up.",Negative,Mourning,Update Backlash,Negative review expresses loss/nostalgia toward the older or previous state of the game.,Aligned Negative,False,False,False,False,High,assistant_draft
Phasmophobia,2026-06-11,Not Recommended,296.5 hrs on record,296.5,Veteran,0,0,0.4761904776096343,0.0,True,True,True,True,False,False,False,"I was reluctant to get this game to start with, I do not like scary stuff, but my sis convinced me to get it to play together and (even though it scared me) I really enjoyed playing! Then....update 0.17.0 happened..... Originally was SO excited because they had been promising character customization for YEARS! And it was a catastrophe....everything is broken, there's extra animation to do things(like pouring salt), the journal is zoomed out really far now, it just is not good. We are going to go try The Other Side or stick to Demonologist.",Negative,Update Backlash,Bug / Gameplay Degradation,"Negative review mainly criticizes recent updates, changes, or added animations/customization.",Aligned Negative,False,False,False,False,High,assistant_draft
Phasmophobia,2026-06-13,Not Recommended,32.6 hrs on record,32.6,Casual,1,0,0.5,0.0,True,True,False,False,False,False,False,"Dude this new update broke my mind. My computer can't even run the game anymore. I had to do a major update that was 3 gigs. no my game wont load, ctds all the time, and when i do get to play its full of stuttering and rubber banding.",Negative,Update Backlash,Bug / Gameplay Degradation,"Negative review mainly criticizes recent updates, changes, or added animations/customization.",Aligned Negative,False,False,False,False,High,assistant_draft
Phasmophobia,2026-06-10,Not Recommended,31.0 hrs on record,31.0,Casual,1,0,0.5238095521926879,0.0,False,False,False,True,False,True,False,Ruined it,Negative,Genuine Negative,Low Information,Very short review; sentiment inferred mostly from the Steam recommendation label and limited text.,Aligned Negative,False,False,False,False,High,assistant_draft
Phasmophobia,2026-06-12,Not Recommended,5.0 hrs on record,5.0,New,1,0,0.5,0.0,False,False,True,True,False,False,False,"If you want an example of a negative review for Phasmophobia, you could write something like: Phasmophobia has an interesting concept, but after a few hours the gameplay becomes repetitive. Most investigations feel very similar, and collecting evidence can turn into a slow routine rather than a tense horror experience. The ghost AI can sometimes feel inconsistent, making deaths seem unfair rather than scary. The voice recognition feature is a cool idea, but it doesn't always work reliably for every player. While the game is fun with friends, playing solo can feel tedious, and the amount of content may not justify the long grind for progression. Overall, it has some great moments, but it can become boring and frustrating over time. This is just an example opinion, not an objective assessment.",Negative,Genuine Negative,Low Confidence,"Review reads like a generic negative-review example, but the stated sentiment is negative.",Aligned Negative,False,False,False,False,Low,assistant_draft
Phasmophobia,2026-06-13,Not Recommended,6.0 hrs on record,6.0,New,1,0,0.5161290168762207,0.0,False,True,True,True,False,False,False,"too lagy, too big, somehow always crashes, too slow. good game, but i have a bad pc",Mixed,Mixed Negative,Performance Issue,"Acknowledges the game is good, but gives Not Recommended due to lag/crashes on their PC.",Soft Mismatch: Not Recommended but Mixed Text,False,True,False,True,Medium,assistant_draft
Phasmophobia,2026-06-13,Not Recommended,180.2 hrs on record,180.2,Veteran,1,0,0.5238095521926879,0.0,True,True,True,False,False,False,False,"Was fun at first but honestly got worse overtime, It feels like the developers are just holding the game hostage from the potential it once had. They went with a ductape/playful UI theme over a cool fanmade creepy themed concept UI posted on reddit a long time ago. They went with limited time events/twitch drops over spending more time on meaningful content updates. They went for a console release to delay every meaningful update rather than to finish the game first. Shipped low quality updates with a literal Star Wars text intro amount of bugs to just to meet a collab deadline. Mind you this game has been in early access for years and has earned millions, there is simply no excuse at this point lol",Negative,Mourning,Update Backlash; Bug / Gameplay Degradation; Developer Criticism,Negative review expresses loss/nostalgia toward the older or previous state of the game.,Aligned Negative,False,False,False,False,High,assistant_draft
Phasmophobia,2026-06-10,Not Recommended,616.2 hrs on record,616.2,Hardcore,2,1,0.5454545617103576,0.0,True,False,True,False,False,False,False,"Played for years and it was a nice chill horror game to play with friends The latest update rolls around, and with it came animations with every single interaction, all of which slows down the game dramatically. The quick responsiveness of interactions with things like smudge sticks are a thing of the past with this new update. Now you have to wait a few seconds for everything, and in the heat of the moment against a ghost, those few seconds might as well be a few years. They also added character customization, but only in name. The items that the give you in the way of shirts, hairstyles, and so many other options that you would expect in a character creator are surprisingly limited. Think a max of 3 or 4 outfits regardless of how far you've made it into the game. I won't even get into the character models. This game still has a lot of the charm that made me fall in love with it back in 2021, but this update removed a large portion of that charm, and I honestly cannot recommend anyone spend their money on the game in its current state",Negative,Update Backlash,Bug / Gameplay Degradation,"Negative review mainly criticizes recent updates, changes, or added animations/customization.",Aligned Negative,False,False,False,False,High,assistant_draft
Phasmophobia,2026-06-09,Not Recommended,236.5 hrs on record,236.5,Veteran,0,0,0.5,0.0,False,True,True,False,True,False,False,I used to really love this game but now it's borderline unplayable.,Negative,Mourning,Bug / Gameplay Degradation,Negative review expresses loss/nostalgia toward the older or previous state of the game.,Aligned Negative,False,False,False,False,High,assistant_draft
Phasmophobia,2026-06-09,Not Recommended,74.5 hrs on record,74.5,Regular,8,0,0.5942458510398864,0.0,True,False,False,True,False,False,False,"how does this game feel less polished than it did 3 years ago? the animations are awful, the controls are somehow worse, and the equipment is ♥♥♥♥. what the ♥♥♥♥ happened?",Negative,Update Backlash,Update Complaint,"Negative review mainly criticizes recent updates, changes, or added animations/customization.",Aligned Negative,False,False,False,False,High,assistant_draft
Phasmophobia,2026-06-12,Not Recommended,377.7 hrs on record,377.7,Hardcore,2,0,0.5098039507865905,0.0,True,False,True,False,False,False,False,"The last like 2.5 years worth of events and updates have been severely underwhelming. First actual new map we get in a long time is a tiny diner map smaller than a lot of the neighborhood maps. Maps that don't really need reworks getting them before maps that desperately need them such as the high school, prison, or point hope lighthouse. Customization finally comes after YEARS of it being wanted and it is very lack luster and underwhelming to the point of it being possibly the biggest L the game has ever taken and ever given to the community. I don't know anymore. It really seems like they just don't care.",Negative,Update Backlash,Update Complaint,"Negative review mainly criticizes recent updates, changes, or added animations/customization.",Aligned Negative,False,False,False,False,High,assistant_draft
Phasmophobia,2026-06-10,Not Recommended,170.3 hrs on record,170.3,Veteran,2,0,0.485612004995346,0.0,True,False,False,False,False,False,False,This is like when Todd Howard promised a polished fallout 76 at Gamecon 2018 and then he just didn't do it because he is the absoloute worse. Lucky for him Kinetic games is now worse I would rather play Raft at least its playable. I give this pre-update 1 Tom out of Jerry and I give after update 1 danny devito out of 10000 godfather part 2,Negative,Update Backlash,Developer Criticism,"Negative review mainly criticizes recent updates, changes, or added animations/customization.",Aligned Negative,False,False,False,False,High,assistant_draft
Phasmophobia,2026-06-12,Not Recommended,465.0 hrs on record,465.0,Hardcore,4,2,0.5473250746726989,0.0,True,False,True,True,True,False,False,Can honestly say that since the character update. The game has gone downhill. I use to love playing this game every day with my friend and now it's just whenever we feel like playing it now. When events start and end. Kinetic doesn't remove all the event effects and details. You can see visuals still from previous events. Took them awhile just to get rid of the Easter visuals just before the Alan wake event and event that one was just bland and boring with no lobby trophy for completing it. When you hold a flashlight in the other hand you just look stupid holding it with the bone breaking physics. Why get rid of the shoulder light when having a flashlight in your inventory? Makes absolutely no sense to be holding it arm completely extended forward and in your view. Spirit box doesn't pick up your microphone that well now. Prior to character update. It always picked up my voice. After the update it hardly picks it up to the point I am yelling or having to turn my gain all the way up. Fix your game kinetic.,Negative,Mourning,Update Backlash; Developer Criticism,Negative review expresses loss/nostalgia toward the older or previous state of the game.,Aligned Negative,False,False,False,False,High,assistant_draft
Phasmophobia,2026-06-09,Not Recommended,248.3 hrs on record,248.3,Veteran,0,0,0.5,1.0,True,True,True,True,True,False,False,"I can no longer recommend this game. It was hard to before, but there was a point in time where I played it almost daily with my friend and any time it would break or have issues we would just kind of laugh and say ""well it's in early access,"" even if the issues ruined our games. However in its current state Phasmophobia is basically unplayable. It seems every time the game is updated it's shipped out in a worse and worse state, with unpolished content the community has been waiting years for. I literally just can't defend a game I can't even play.",Negative,Mourning,Update Backlash; Bug / Gameplay Degradation; Developer Criticism,Negative review expresses loss/nostalgia toward the older or previous state of the game.,Aligned Negative,False,False,False,False,High,assistant_draft
Phasmophobia,2026-06-11,Not Recommended,28.6 hrs on record,28.6,Casual,5,0,0.5354852080345153,0.0,True,True,True,True,True,False,False,"This game really use to be great. There's a reason why I keep coming back to play it. However, the last few updates have really ruined the game. From broken models to trash immersion features. In all honesty, the game just looks terrible now. If you hold something in your character's hand and get close to your friend's face your arm suddenly looks smaller than their head. Do they just add things and expect them to work or look good? Whatever passion or care the devs put into the game has vanished. It feels like the devs don't even care about this game anymore. There are some aspects of the game that still feel the same. However, I feel like it's getting harder to recommend this game to my other friends. If the devs continue on this route, I may just stop playing.",Negative,Mourning,Update Backlash; Bug / Gameplay Degradation; Developer Criticism,Negative review expresses loss/nostalgia toward the older or previous state of the game.,Aligned Negative,False,False,False,False,High,assistant_draft
Phasmophobia,2026-06-09,Not Recommended,131.8 hrs on record,131.8,Veteran,1,0,0.5,0.0,True,True,True,True,False,False,False,"The early access label is an excuse for a janky game that is constantly getting updates no one asked for. They change what little good the game has, but never change any of the bad, like the giant maps that’re empty. Once playable maps, are now a damn lag simulator, and I don’t even play on that low end of a PC. This game has made about $260 million dollars, yet the studio seems to genuinely mainly care about overpriced merch. The updates are so few and far between, and when they do come, they’re lackluster or worse, do more harm than good by adding bad content and bugs. The dev team for some reason seem to have a bad relationship with the community, and I cannot for the life of me think of any reason why. The reason you guys are STANDING as a team and company is because of fans, but you shut us down and dismiss us, and discourage anything that goes outside of the narrative you guys so desperately want. They’re strongly against mods for the weirdest reason, I mean what the hell man, you would get even more plays and diversity in the game if you allowed or encouraged it. This game was fun and interesting at one point. It was janky, but more so in a lovable way, where you could tell it was a little rough, but made with love. But recently, with all the unnecessary changes, the way the dev team acts towards us, and the way the game is handled as a whole, the past 2 or so years leaves such a bad taste in my mouth, and the game feels more like a chore now than anything. 4/10 for me",Negative,Mourning,Update Backlash; Bug / Gameplay Degradation; Developer Criticism,Negative review expresses loss/nostalgia toward the older or previous state of the game.,Aligned Negative,False,False,False,False,High,assistant_draft
Phasmophobia,2026-06-12,Not Recommended,652.9 hrs on record,652.9,Hardcore,0,0,0.5,0.0,True,False,True,True,False,False,False,"I still have not let Steam update Phasmo to the latest horrible Alan Wake mess, that's why I think it's still good.",Mixed,Mixed Negative,Update Backlash,"Still thinks the older/non-updated version is good, but rejects the latest update.",Soft Mismatch: Not Recommended but Mixed Text,False,True,False,True,Medium,assistant_draft
Phasmophobia,2026-06-11,Not Recommended,160.6 hrs on record,160.6,Veteran,1,0,0.5098039507865905,0.0,False,True,True,False,False,False,False,"The game itself is super cool and easily worth playing... ...after they fix all of the blatant bugs they've more recently introduced into the game. I'll correct my review to ""recommended"" if they fix their plethora of bugs to ""consistently playable"".",Mixed,Mixed Negative,Bug Complaint,"Says the game is worth playing, but only after major bugs are fixed.",Soft Mismatch: Not Recommended but Mixed Text,False,True,False,True,Medium,assistant_draft
Phasmophobia,2026-06-10,Not Recommended,9.8 hrs on record,9.8,New,0,0,0.4782608747482299,0.0,False,False,True,True,True,False,False,"They Ruined the game, it was only good in the days when the game first came out",Negative,Mourning,Negative Nostalgia,Negative review expresses loss/nostalgia toward the older or previous state of the game.,Aligned Negative,False,False,False,False,High,assistant_draft
Phasmophobia,2026-06-12,Not Recommended,147.9 hrs on record,147.9,Veteran,3,0,0.52173912525177,0.0,True,True,True,False,False,False,False,"I've had some great times with this game but it seems that there are more bugs than ever in this game. I've most notably had consistent issues with incense or smudge sticks just not working at all. The new ""immersive animations"" make this game feel a lot clunkier, slower, and overall just less responsive to input than ever before. I missed when this game was just a simple and fun game to come to when you just wanted to have fun, but the decisions in what to implement into this game have led this game off a cliff.",Negative,Update Backlash,Bug / Gameplay Degradation,"Negative review mainly criticizes recent updates, changes, or added animations/customization.",Aligned Negative,False,False,False,False,High,assistant_draft
Phasmophobia,2026-06-13,Not Recommended,12.8 hrs on record,12.8,Casual,0,0,0.4761904776096343,0.0,False,False,True,True,False,False,False,boring ass game but its funny to hear my friends cry in fear,Mixed,Mixed Negative,Meme / Joke Review,Calls the game boring but notes it is funny with friends.,Soft Mismatch: Not Recommended but Mixed Text,False,True,False,True,Medium,assistant_draft
Phasmophobia,2026-06-11,Not Recommended,61.0 hrs on record,61.0,Regular,2,0,0.5098039507865905,0.0,True,True,False,True,True,False,False,"update ruined the game, completely unplayable",Negative,Mourning,Update Backlash; Bug / Gameplay Degradation,Negative review expresses loss/nostalgia toward the older or previous state of the game.,Aligned Negative,False,False,False,False,High,assistant_draft
Phasmophobia,2026-06-12,Not Recommended,196.8 hrs on record,196.8,Veteran,3,0,0.532710313796997,0.0,True,True,True,True,False,False,False,"this game should've taken place in a jungle, to reflect just how many bugs the game currently has. the player animations disaster was bad enough already, having to deal with the unholy amount of bugs that came with the update is just too much. so, don't buy this game unless you're willing to put up with ""unintended behaviors"" honestly, it would be very nice if they allowed us to play a version of the game before this update. or, even better but hella unlikely, modding/workshop support. to me, phasmo is a puzzle game, figuring out the ghost on 1 or no evidence is very fun. hate to leave a negative review on this game, but for now, use that money to buy monster hunter or something. valv- kinetic games, pls fix.",Negative,Update Backlash,Bug / Gameplay Degradation; Developer Criticism,"Negative review mainly criticizes recent updates, changes, or added animations/customization.",Aligned Negative,False,False,False,False,High,assistant_draft
Phasmophobia,2026-06-13,Not Recommended,356.2 hrs on record,356.2,Hardcore,2,0,0.5454545617103576,0.0,True,False,True,True,False,False,False,"The new update has ruined this game for me. Equipment is hard to read and the voicebox doesn't seem to work half the time. The characters were charmingly silly in their movements, now they look really creepy. I have enjoyed most of the events in the game and additions/updates but this most recent one has caused me to stop playing altogether.",Negative,Update Backlash,Update Complaint,"Negative review mainly criticizes recent updates, changes, or added animations/customization.",Aligned Negative,False,False,False,False,High,assistant_draft
Phasmophobia,2026-06-12,Not Recommended,38.5 hrs on record,38.5,Casual,1,1,0.5,0.0,True,True,False,True,True,False,False,"This new update is terrible, makes me miss the old Phasmo from 2021. UI is overbearing, Characters are ugly now, and alot of core features are broken.",Negative,Mourning,Update Backlash; Bug / Gameplay Degradation,Negative review expresses loss/nostalgia toward the older or previous state of the game.,Aligned Negative,False,False,False,False,High,assistant_draft
Phasmophobia,2026-06-10,Not Recommended,53.2 hrs on record,53.2,Regular,4,0,0.5495495200157166,0.0,True,True,True,True,False,False,False,"There is a good game here, sadly buried under a pile of decisions that come close to being as bad as the recent decisions of arrowhead with helldivers 2. The devs dont listen to the community at all and deny any valid feedback, even that of their own testers. Maps that actually need reworking get left to rot while maps that already get played a lot get the rework for some reason. New character customization update that was supposed to ""make things more realistic"" made it argueably less realistic and more buggy. I'll change the review once that changes, I really, REALLY hope it does",Negative,Update Backlash,Bug / Gameplay Degradation; Developer Criticism,"Negative review mainly criticizes recent updates, changes, or added animations/customization.",Aligned Negative,False,False,False,False,High,assistant_draft
Phasmophobia,2026-06-12,Not Recommended,283.4 hrs on record,283.4,Veteran,2,0,0.5098039507865905,0.0,False,True,True,False,True,False,False,"Used to be a fun game to play. It turned into an unplayable, buggy feeling and looking game. The new overhaul of the maps and movement are janky at best. The new, revamped maps. They aren't my cup of tea. Please bring back a legacy version of the game.",Negative,Mourning,Bug / Gameplay Degradation,Negative review expresses loss/nostalgia toward the older or previous state of the game.,Aligned Negative,False,False,False,False,High,assistant_draft
Phasmophobia,2026-06-13,Not Recommended,63.6 hrs on record,63.6,Regular,2,0,0.5238095521926879,0.0,True,False,False,False,False,False,False,Wtf happened to this game? On release this had the most simple but effective UI. It has gotten worse with every update since then. WTF is this 2 handed thing?? The equipment manager is not intuitive at all. Did this dev start vibe coding or what? Why change systems that noone complained about??,Negative,Update Backlash,Developer Criticism,"Negative review mainly criticizes recent updates, changes, or added animations/customization.",Aligned Negative,False,False,False,False,High,assistant_draft
Phasmophobia,2026-06-10,Not Recommended,206.6 hrs on record,206.6,Veteran,3,0,0.5435684919357299,0.0,True,False,True,True,False,False,False,This game use to be really fun but the latest update with player customization and animations has just killed the game for me and im going to uninstall it and im not the only one all my friends hate it and we do not enjoy playing anymore. i understand what they were trying to do but they runied it and the customization is so trash. You need to buy everything and even then all the options are trash. Also the fact it is still in early access is just crazy to me its just like 7 days to die. a legit joke,Negative,Mourning,Update Backlash; Developer Criticism,Negative review expresses loss/nostalgia toward the older or previous state of the game.,Aligned Negative,False,False,False,False,High,assistant_draft
Phasmophobia,2026-06-11,Not Recommended,159.8 hrs on record,159.8,Veteran,4,0,0.532710313796997,0.0,True,True,True,False,False,False,False,"loved it, then they removed the good characters and left us with blocky ones and animations no one asked for that made the game laggy. Would be a great game if they slowed down on making assets just their own. Its not working out right now",Negative,Update Backlash,Bug / Gameplay Degradation,"Negative review mainly criticizes recent updates, changes, or added animations/customization.",Aligned Negative,False,False,False,False,High,assistant_draft
Phasmophobia,2026-06-11,Recommended,61.0 hrs on record,61.0,Regular,0,0,0.5,0.0,True,False,True,False,False,False,True,Very Good! Could use some animation fixes and also a few more unique scary ghost interactions,Mixed,Mixed Positive,Positive with Minor Complaint,Positive review with minor animation and interaction improvement requests.,Soft Mismatch: Recommended but Mixed Text,False,True,False,True,Medium,assistant_draft
Phasmophobia,2026-06-11,Recommended,36.4 hrs on record,36.4,Casual,0,0,0.5,0.0,False,True,False,False,False,False,True,saw friend bug out of hiding spot ghost caught him his body flew away 10/10 would fly again,Neutral/Unclear,Meme / Joke Review,Bug Anecdote,Positive label but review is mainly a funny bug anecdote.,Ambiguous / Low Information,False,False,True,True,Low,assistant_draft
Phasmophobia,2026-06-12,Recommended,48.5 hrs on record,48.5,Casual,0,0,0.5,0.0,True,False,False,False,False,False,True,"Still slaps to this day,yes some customization sucks but remember you play this for the plot so stick to that and you will be satisfied with your purchase. Also works with low spec PC's pretty surprisingly aswell,not incredibly optimized but exceptionally done so far.",Mixed,Mixed Positive,Positive with Minor Complaint,Still recommends the game while acknowledging customization issues.,Soft Mismatch: Recommended but Mixed Text,False,True,False,True,Medium,assistant_draft
Phasmophobia,2026-06-10,Recommended,203.1 hrs on record,203.1,Veteran,0,0,0.5,0.0,False,True,True,False,False,False,True,"very buggy but ngl that's one reason why i love this game. it's very addicting. its fun to do the research and learn new was to play this game. it is scary at first and to be honest I still jumped scared. but it is very fun if you enjoy puzzle horror game, I recommend it alot.",Mixed,Mixed Positive,Bug Complaint,"Buggy experience is mentioned, but overall tone remains positive and recommending.",Soft Mismatch: Recommended but Mixed Text,False,True,False,True,Medium,assistant_draft
Phasmophobia,2026-06-11,Recommended,32.0 hrs on record,32.0,Casual,0,0,0.5,0.0,False,True,True,False,False,False,True,I love this game I have been playing with my auntie and father and that makes it fun. but sometimes its very buggy but the moments are funny,Mixed,Mixed Positive,Bug Complaint,Positive family/friends experience despite bugs.,Soft Mismatch: Recommended but Mixed Text,False,True,False,True,Medium,assistant_draft
Phasmophobia,2026-06-11,Recommended,70.9 hrs on record,70.9,Regular,0,0,0.5,0.0,True,False,True,False,False,False,True,"I have played Phasmophobia for years and I cannot believe I haven't wrote a review about it yet. This game is the game my sister and I always come back to when we want to play a game together with our friend. She lives in Europe and I am in the US so this is how we get to connect when we feel like we need some good sister time in. Despite playing this for about 5 years now, it doesn't feel repetitive to me at all. It's always a good time. We get some good laughs in while playing (of course the bulk of the humor is because I tend to get hunted ALL THE TIME). I have been enjoying watching this game expand and update. This game has been great since the start and I will always keep coming back for more. I can't wait to keep watching this game grow and update. It's a spooky good time. 10/10",Mixed,Mixed Positive,Update Complaint; Feature Request,"Overall positive/recommending tone, but the text includes complaints or caveats.",Soft Mismatch: Recommended but Mixed Text,False,True,False,True,Medium,assistant_draft
Phasmophobia,2026-06-11,Recommended,21.2 hrs on record,21.2,Casual,0,0,0.5,0.0,False,True,True,False,False,False,True,Really good I spent 50 mins on restricted Sunny Medows just for the Dayan to be bugged and not hunt a single time. W game 10/10 would recommend.,Mixed,Mixed Positive,Bug Anecdote,Recommends the game while describing a bug as part of the fun.,Soft Mismatch: Recommended but Mixed Text,False,True,False,True,Medium,assistant_draft
Phasmophobia,2026-06-13,Recommended,800.7 hrs on record,800.7,Hardcore,0,0,0.5,0.0,True,True,True,False,False,False,True,"Quite good and engaging. It has become a weekly ritual to hang out with friends and seek some spooks. Such a fun premise, and I quite enjoy the new update. Some charming bugs, but usually nothing game breaking. I really am looking forward to what comes next.",Mixed,Mixed Positive,Positive with Minor Complaint,Positive overall; bugs are framed as charming and not game-breaking.,Soft Mismatch: Recommended but Mixed Text,False,True,False,True,Medium,assistant_draft
Phasmophobia,2026-06-13,Recommended,18.5 hrs on record,18.5,Casual,0,0,0.5,0.0,True,False,True,True,False,False,True,good game. but i don't like the controls for keyboard and mouse nor for controller and the Alan wake update ruined VR in a worse way by making my body fold in game making it impossible to reach my belt anymore.,Mixed,Mixed Negative,Recommendation Mismatch Candidate,"Recommended label, but text says controls are disliked and update ruined VR.",Soft Mismatch: Recommended but Mixed Text,False,True,False,True,Medium,assistant_draft
Phasmophobia,2026-06-10,Recommended,14.0 hrs on record,14.0,Casual,1,0,0.5,0.0,True,True,True,False,False,False,True,"great game, loved it for a while, the update is buggy but i have faith in the devs to fix it",Mixed,Mixed Positive,Positive with Minor Complaint,Loved the game and trusts devs despite buggy update.,Soft Mismatch: Recommended but Mixed Text,False,True,False,True,Medium,assistant_draft
Phasmophobia,2026-06-11,Recommended,83.3 hrs on record,83.3,Regular,0,0,0.5,0.0,False,True,True,False,False,False,True,love the game just a few bugs that hopefully will be fixed soon equipment falling through the floor when a team mate drops it when switching equipment sometimes gets stuck down by your side,Mixed,Mixed Positive,Bug Complaint,Loves the game but lists bugs that need fixing.,Soft Mismatch: Recommended but Mixed Text,False,True,False,True,Medium,assistant_draft
Phasmophobia,2026-06-13,Recommended,23.6 hrs on record,23.6,Casual,0,0,0.5,0.0,False,False,True,True,False,False,True,Not good at the game = I think the game is bad,Neutral/Unclear,Meme / Joke Review,Community Defense,Sarcastic/community-defense style statement; clear personal sentiment is limited.,Ambiguous / Low Information,False,False,True,True,Low,assistant_draft
Phasmophobia,2026-06-10,Recommended,15.0 hrs on record,15.0,Casual,0,0,0.5,0.0,False,True,True,True,False,False,True,best co-op horror game i have been ever seen to play with friends but this game contains many glitches and bugs that makes users experience a little bit bad and i hope they will fix the bugs and glitches,Mixed,Mixed Positive,Bug Complaint,Strongly positive overall but bugs/glitches harm experience.,Soft Mismatch: Recommended but Mixed Text,False,True,False,True,Medium,assistant_draft
Phasmophobia,2026-06-12,Recommended,39.1 hrs on record,39.1,Casual,0,0,0.5,0.0,False,True,True,False,False,False,True,The game is fun just a bit buggy but still pretty good.,Mixed,Mixed Positive,Bug Complaint,Positive overall with a small bug complaint.,Soft Mismatch: Recommended but Mixed Text,False,True,False,True,Medium,assistant_draft
Phasmophobia,2026-06-12,Recommended,66.0 hrs on record,66.0,Regular,0,0,0.5,0.0,True,False,True,True,False,False,True,"Old Phas - 8.5/10 New Phas- 6.5/10 A pioneer in it's genre with many clones released as a result. Was very fun at launch and would easily make you feel uneasy thinking there's ghosts in your house, and is insane in VR, but lost me around 2022. I enjoy watching it on YouTube more than playing it these days. So many different items to learn and way too many ghost types, you have to memorize a textbook and no-life grind it to learn all the traits and you'll likely get your neck snapped 300 times before you get there. 90% of the time you'll get 2 pieces of evidence and just sit there waiting until the 3rd one appears after half the team is already dead. The most recent new animation update isn't too bad and it seems like the economy was improved a bit but I enjoy going back and playing the early versions from SteamDB more. Trolling around in lobbies is more entertaining than the base game, that is, if you can find a lobby that's not a boosting lobby. If you've never played it before you'll probably enjoy it still though.",Mixed,Mixed Negative,Recommendation Mismatch Candidate,Recommended label but review says the newer version lost them and rates it lower.,Soft Mismatch: Recommended but Mixed Text,False,True,False,True,Medium,assistant_draft
Phasmophobia,2026-06-13,Recommended,45.4 hrs on record,45.4,Casual,0,0,0.5,0.0,False,False,True,True,False,False,True,"Horror aspect not there. What is this game like? 3 evidence ""I GOT THE GHOST"" But its a mimic and you want to destroy everything Expect a fun time no, Ghost said I hate you and killed you at 80% sanity. Want in-game money look away. YOU WILL LOSE IT ALL!!!!! I have ragged quit this game more then Rainbow 6 But still a 10/10 game YOU REALLY SHOULD JUST THE FUN",Mixed,Mixed Positive,Meme / Joke Review,Chaotic negative anecdotes but ends with 10/10 and recommends it.,Soft Mismatch: Recommended but Mixed Text,False,True,False,True,Medium,assistant_draft
Phasmophobia,2026-06-10,Recommended,80.2 hrs on record,80.2,Regular,0,0,0.5,0.0,True,False,True,True,False,False,True,"Really don't know where the hate comes from. My experience with the game has been nothing but positive since I bought it a few years ago. Level progression is easy/makes sense, the animations and overall ""look"" of the game is fantastic (albeit a little funky at times), and the gameplay is straightforward and easy to pick up and go with. If you're after a silly ghost huntin' game that's not too spooky to enjoy with friends, this game is for you.",Positive,Genuine Positive,Community Defense,Defends the game against hate and describes their experience as positive.,Aligned Positive,False,False,False,False,High,assistant_draft
Phasmophobia,2026-06-12,Recommended,165.4 hrs on record,165.4,Veteran,0,0,0.5,0.0,False,True,True,False,False,False,True,"I really like the game! It is thrilling and a fun co-op game but recently the game is very buggy and I would like it to be fixed so I can play happily and properly! Overall, I still recommend the game despite its flaws!",Mixed,Mixed Positive,Bug Complaint,Still recommends the game despite recent bugs.,Soft Mismatch: Recommended but Mixed Text,False,True,False,True,Medium,assistant_draft
Phasmophobia,2026-06-12,Recommended,66.6 hrs on record,66.6,Regular,0,0,0.5,0.0,False,False,True,True,False,False,True,I've literally played this game for 66.6 hours. Thats on theme for this game. I'm sad that the next time I play it will roll over but just know this game is incredibly fun and challenging + the community is like no other. I've made several friends just playing this game in public lobbies. ENJOY!,Positive,Genuine Positive,Meme / Joke Review,"Positive overall; sadness is about playtime moving past 66.6 hours, not game dissatisfaction.",Aligned Positive,False,False,False,False,High,assistant_draft
Phasmophobia,2026-06-10,Recommended,19.9 hrs on record,19.9,Casual,0,0,0.5,0.0,False,True,True,False,False,False,True,"i love this game but there are sooooooooo many bugs that need to be fixed. For starters, when i play with others, its super laggy. Also the game likes to shut down a lot.",Mixed,Mixed Positive,Bug Complaint,Loves the game but says many bugs need fixing.,Soft Mismatch: Recommended but Mixed Text,False,True,False,True,Medium,assistant_draft
Phasmophobia,2026-06-11,Recommended,226.9 hrs on record,226.9,Veteran,0,0,0.5,0.0,False,True,True,False,False,False,True,"game has a few issues, but it’s still a lot of fun. It definitely gave me some good scares.",Mixed,Mixed Positive,Positive with Minor Complaint,Acknowledges issues but still describes the game as fun.,Soft Mismatch: Recommended but Mixed Text,False,True,False,True,Medium,assistant_draft
Phasmophobia,2026-06-10,Recommended,16.3 hrs on record,16.3,Casual,0,0,0.5,0.0,False,False,True,True,False,False,True,good game horror true best game not bad truly happy me my pant wet too,Positive,Genuine Positive,Low Information,Low-quality text but explicitly positive.,Aligned Positive,False,False,False,False,High,assistant_draft
Phasmophobia,Posted: 13 June,Recommended,311.7 hrs on record,311.7,Hardcore,0,0,,,True,True,True,False,False,False,True,"I should preface this review by saying that I’ve only been playing this game for the past year or so, so whilst there are a considerable number of players who have a legitimate gripe about this game being stuck in early-access Hell, I can’t count myself amongst them, although that being said, I do see their side of things. If you love ghost hunting or just the paranormal in general, this game is for you. And for those that aren’t, don’t worry; it’s a great game to play with friends, especially if you’re looking for something spooky, on the cheaper side, and with great replayability. Recent updates have been… janky to say the least, and there are inconsistencies with the mechanics that do need addressing. However, the team behind it is actively adding new updates/events pretty consistently, so some turbulence is to be expected. The new character model system has been especially devicive, but don’t let that put you off; as long as you’re not expecting in-depth character customization, you should be fine. At the end of the day, for £16, I feel I’ve gotten way more than my money’s worth out of it and will continue to do so. I hope you do too!",Mixed,Mixed Positive,Community Defense,Acknowledges legitimate complaints but overall recommends the game.,Soft Mismatch: Recommended but Mixed Text,False,True,False,True,Medium,assistant_draft
Phasmophobia,2026-06-12,Recommended,5.0 hrs on record,5.0,New,0,0,0.5,0.0,False,True,True,True,False,False,True,"Phasmophobia is exactly the kind of ghost-hunting chaos I want. The problem is that I have no friends to play it with. Which is rude, because this game is clearly built for group panic. I want to walk into a haunted house with a flashlight, a dream, and the confidence of someone who has watched way too much Sam and Colby. I want to ask ghosts disrespectful questions, immediately regret it, and then scream because something moved in the kitchen. The whole setup is so good. You gather evidence, use equipment, watch for signs, try to figure out what kind of ghost you are dealing with, and then attempt to leave before it turns your investigation into a funeral announcement. It is creepy, funny, stressful, and so much better when everyone is panicking together. One person is trying to be serious. One person is already hiding in the van. One person is yelling the ghost’s name like they have never heard of consequences. That is the dream. Even without a full group, I still love the idea of it. The atmosphere is tense, the ghost mechanics are fun, and every investigation feels like it could go from “we are professionals” to “absolutely not, goodbye” in half a second. Phasmophobia lets me live my Sam and Colby dreams, or at least it would if my friends would get their lives together and play with me. Until then, I am just standing outside the haunted house with equipment, trust issues, and no backup.",Positive,Genuine Positive,Meme / Joke Review,Long comedic review but overall clearly praises the game.,Aligned Positive,False,False,False,False,High,assistant_draft
Phasmophobia,2026-06-13,Recommended,93.8 hrs on record,93.8,Regular,0,0,0.5,0.0,True,True,True,False,False,False,True,"It's a little janky but I think sometimes with games like these, that's what makes them extra fun. I like that when you look up your character breaks their back and that animations are stupid looking. It wouldn't be funny if it was hyper-realistic. That said, it's not really a horror game unless you're scared easily, it's mostly just funny haha time. It's not really a game I play alone much but when I have a friend, we can have fun for hours. Do I wish there were more variety in ghost appearances? Yeah. I wish some of them were less predictable - mimic for example is probably the coolest ghost and I think it would be cooler if they could mimic other ghosts more instead of just also showing orbs. Having more unique traits like the banshee's cry or the wraith's salt aversion would be very cool. Hopefully these things will come in the future. I appreciate that the devs seem dedicated to updating this game and making it better instead of just abandoning it and trying to launch a phasmo 2.",Mixed,Mixed Positive,Positive with Minor Complaint,Finds jank/animations funny and still enjoys the game.,Soft Mismatch: Recommended but Mixed Text,False,True,False,True,Medium,assistant_draft
Phasmophobia,2026-06-10,Recommended,0.9 hrs on record,0.9,New,0,0,0.5,2.0,False,False,False,True,False,False,True,the grass was to green so i knew it was a jyn my freind said nah we whent insinde and i had ghostdih go in to a bad place in my body 10/10 experince i would do again,Positive,Meme / Joke Review,Low Information,Absurd joke review but ends with 10/10 and would do again.,Aligned Positive,False,False,False,False,High,assistant_draft
Phasmophobia,2026-06-10,Recommended,11.3 hrs on record,11.3,Casual,0,0,0.5,0.0,False,False,True,True,False,False,True,"4 years since I was gifted this and somehow I never reviewed it?? well, better late than never I suppose! Phasmophobia is an intriguing multiplayer supernatural-horror/thriller experience, you play as paranormal investigative contractors- in each contract you play, you have one goal, use your various equipment items (more are unlockable as you progress, and different tiers too!) to identify and confirm the type of supernatural entity residing within whatever haunted location, there's maps such as a prison ,a school, and various different houses. You *can* play it singleplayer, but in my humble opinion, it's far better with friends, even just one other person, though it's good fun for a group! hop on a discord call, or use in-game proximity chat to talk & work together- the gameplay is solid, and all around an engaging, and somewhat addictive experience, and this game is genuinely a labor love, all these years gone by and it's still actively being worked on, it's so much more polished than it was in 2022! Highly recommend, even for non-horror fans!~",Positive,Genuine Positive,Detailed Positive Review,Detailed positive explanation of gameplay and appeal.,Aligned Positive,False,False,False,False,High,assistant_draft
Phasmophobia,2026-06-12,Recommended,124.7 hrs on record,124.7,Veteran,0,0,0.5,0.0,True,False,True,False,False,False,True,it was good before new update sucks make settings to change things back to original,Mixed,Mixed Negative,Recommendation Mismatch Candidate,Recommended label but says the new update sucks and asks for original settings.,Soft Mismatch: Recommended but Mixed Text,False,True,False,True,Medium,assistant_draft
Phasmophobia,2026-06-12,Not Recommended,161.6 hrs on record,161.6,Veteran,3,0,0.532710313796997,0.0,True,True,True,False,True,False,False,"Please PLEASE Revert the update, it isn't fun and the list of bugs is way too many... The animations are not fun, if anything they can get you killed, it takes too long to shift through your items. The extra time is not needed, I understand and respect that you guys wanted change, and i'm sure you all worked many many hours for it, but for the gaming side of it, it just is not fun. I miss old phasmo... I can't recommend this game, not right now at least. If something good happens though I will change my review.",Negative,Mourning,Update Backlash; Bug / Gameplay Degradation,Negative review expresses loss/nostalgia toward the older or previous state of the game.,Aligned Negative,False,False,False,False,High,assistant_draft
Phasmophobia,2026-06-09,Not Recommended,1147.0 hrs on record,1147.0,Hardcore,0,0,0.5,0.0,True,True,True,True,True,False,False,"Over 1.1k hours on record, most of which was before the lobby change years ago. I have tried getting back into the game multiple times and it's just not as fun as it used to be. Yes, nearly everything has changed since I was hooked. I don't mind change but the more updates that happen the less fun I'm having. It's so buggy with no bugs being fixed after reporting. Not all updates are bad, but most of them are becoming unplayable or just not enjoyable. Sad to see the game where it is now compared to where it was years ago.",Negative,Mourning,Update Backlash; Bug / Gameplay Degradation,Negative review expresses loss/nostalgia toward the older or previous state of the game.,Aligned Negative,False,False,False,False,High,assistant_draft
Phasmophobia,2026-06-12,Not Recommended,208.2 hrs on record,208.2,Veteran,2,0,0.5,0.0,True,True,True,True,True,False,False,"As someone who has put 200+ hours into this game, and someone who has played since the game first released, I can honestly say the game has gone downhill so much lately. The ""customization"" update that has been being teased for so long, is so barebones and lackluster in any sort of customization it makes me wonder why they even bothered. The animations are SO janky and broken now it makes the game unplayable. There are so many bugs (I.E. randomly getting disconnected from a game) that have somehow managed to persist through countless hotfixes, but the devs seem to have PLENTLY of time to work on nonsense collabs (Looking at you Allan Wake.) I genuinely loved playing this game and it was a top 3 for my friend group, but in its current state I cant be bothered with it. I hope the devs find a way to turn this game around because if they dont make some SERIOUS changes soon, this might be the final nail in the coffin.",Negative,Mourning,Update Backlash; Bug / Gameplay Degradation; Developer Criticism,Negative review expresses loss/nostalgia toward the older or previous state of the game.,Aligned Negative,False,False,False,False,High,assistant_draft
Phasmophobia,2026-06-11,Not Recommended,235.5 hrs on record,235.5,Veteran,3,0,0.5388669371604919,0.0,False,False,True,False,True,False,False,"Absolutely loved this game for years, enough that I rebought the game after losing my steam account, always came back time after time. Saw all the changes to the lobbies, maps, equipment, progression, ghosts, etc... and stuck with it. But I'm done, I can't do it anymore, they killed the game I loved playing with my friends for hours. Don't trust the positive reviews, this game has run into the ground. Can't even look at it the same anymore.",Negative,Mourning,Update Backlash,Long-term player loved the game but dislikes accumulated changes.,Aligned Negative,False,False,False,False,High,assistant_draft
Phasmophobia,2026-06-10,Not Recommended,39.8 hrs on record,39.8,Casual,1,0,0.5021392703056335,0.0,True,True,True,False,True,False,False,"I got this game when it came out on console years ago and had so much fun with my friends. When I a computer and repurchased it I continued to play it with my friends up until this fall when I took a break. At that point the game was a little janky but it was almost perfectly fine. Never would I expect that the developers wanted to regress their game back to alpha by feeding it bugs and premade models that look like ♥♥♥♥. This game has been in early access for 6 years and it's only gotten worse with every update. They new character models are just edgy guys which really tight jeans and eyebrow piercings. They should just bring back the normal looking people instead of Joe Shmo emo mgee On the topic of new, all of the tools are smaller and look stupid. Half the time when I pull out my flashlight it stays on my toolbelt and I have a floating hand of light. The tier 1 thermo is impossible to read because of size so you might as well ignore temp and interacting with anything plays this dumb ♥♥♥♥♥♥♥ animation that looks like your fingering something?! Why? I never thought I would get angry a game becoming worse but this isn't a AAA studio. Why aren't they taking player criticism? More ghost interactions happen and the new ghost behavers are chatgpt brainstorms thrown under burning elephant ♥♥♥♥. They next update should be called Undo2.0 or sell GameToOtherStudio2.0. I was playing the other day and saw an events thing pop up. Wtf is that this isn't Fortnite. The new events allow you to get limited time clothes that look like ♥♥♥♥ and require playing a separate challenge mode. I wouldn't recommend buying this game until the devs get off crystal start releasing updates that benefit the game. Just wait until it gets out of early release.",Negative,Mourning,Update Backlash; Bug / Gameplay Degradation; Developer Criticism,Negative review expresses loss/nostalgia toward the older or previous state of the game.,Aligned Negative,False,False,False,False,High,assistant_draft
Phasmophobia,2026-06-13,Not Recommended,930.5 hrs on record,930.5,Hardcore,1,0,0.5238095521926879,0.0,True,False,False,False,False,False,False,"The character update sucks ngl, and the animations are lwk buns too",Negative,Update Backlash,Update Complaint,"Negative review mainly criticizes recent updates, changes, or added animations/customization.",Aligned Negative,False,False,False,False,High,assistant_draft
Phasmophobia,2026-06-13,Not Recommended,168.6 hrs on record,168.6,Veteran,1,0,0.5161290168762207,0.0,True,True,True,True,False,False,False,"I love this game, but this new update is bad. I’m not talking about the new customization (I’m fine with it). I’m talking about how clunky everything feels now. There are animations when switching items, it looks cooler, but it makes gameplay feel extremely sluggish. This includes opening the journal, which has an animation and is also zoomed out for some reason. I miss how you could switch between items and open the journal super quickly, it made the game feel smooth to play. I still think this is a great game, but I’m not switching my “not recommended” review until they fix these things (or at least add a setting to disable them). I have faith in these devs to do what is right for the game.",Negative,Update Backlash,Bug / Gameplay Degradation; Developer Criticism,"Negative review mainly criticizes recent updates, changes, or added animations/customization.",Aligned Negative,False,False,False,False,High,assistant_draft
Phasmophobia,2026-06-09,Not Recommended,179.6 hrs on record,179.6,Veteran,0,0,0.5,0.0,True,False,True,False,False,False,False,just not a good game. has been stagnant for a long time and the last update just feels lazy and unpolished,Negative,Update Backlash,Update Complaint,"Negative review mainly criticizes recent updates, changes, or added animations/customization.",Aligned Negative,False,False,False,False,High,assistant_draft
Phasmophobia,2026-06-13,Not Recommended,236.4 hrs on record,236.4,Veteran,1,0,0.5,0.0,True,False,True,True,False,False,False,Was a great game until the latest update. Horrible animations and the hand gesture feature is awfully tacky. Expected much more from a game I very much enjoyed,Negative,Update Backlash,Update Complaint,"Negative review mainly criticizes recent updates, changes, or added animations/customization.",Aligned Negative,False,False,False,False,High,assistant_draft
Phasmophobia,2026-06-12,Not Recommended,115.1 hrs on record,115.1,Veteran,1,0,0.5,0.0,True,False,False,False,False,False,False,BROO WHY YOU CHANGED THE FIRST MAP IT WAS GOATED NOW IT LOOKS LIKE ITS MY GRANDMA'S,Negative,Update Backlash,Map Change Complaint,Negative reaction to changed first map.,Aligned Negative,False,False,False,False,High,assistant_draft
Phasmophobia,2026-06-10,Not Recommended,8.2 hrs on record,8.2,New,2,0,0.5296273827552795,0.0,True,True,True,True,False,False,False,"This amount of jank could be acceptable when the game first came out and the dev team was much more inexperienced, but after being on Steam for nearly 6 years, it's unacceptable. The devs seem more interested in adding more things or refreshing already good maps instead of fixing game breaking bugs. When the developers tell you ""just keep playing the game till you're use to the jank,"" after releasing the most broken update to date, that's all you need to know about how much they care about their own product outside of it's sales figures. Even my friends don't want to play this game with me when I suggest it anymore, it's gotten that bad.",Negative,Mourning,Update Backlash; Bug / Gameplay Degradation; Developer Criticism,Negative review expresses loss/nostalgia toward the older or previous state of the game.,Aligned Negative,False,False,False,False,High,assistant_draft
Phasmophobia,2026-06-11,Not Recommended,47.4 hrs on record,47.4,Casual,1,0,0.5098039507865905,0.0,False,True,True,True,False,False,False,"Great game Idea, but very bad servers and bugs. Settings reset all the time I re-open the game. Random ""lost connection to server"" even tho my internet is perfectly fine, incense doesnt protect sometimes, etc.",Negative,Bug / Gameplay Degradation,Performance / Stability Complaint,"Not Recommended review focuses on bugs, lag, crashes, or degraded gameplay experience.",Aligned Negative,False,False,False,False,High,assistant_draft
Phasmophobia,2026-06-11,Not Recommended,41.5 hrs on record,41.5,Casual,4,0,0.5266909003257751,0.0,False,True,False,False,False,False,False,"It's insane how they manage to make the game play worse, have more bugs and look worse the longer the development goes on.",Negative,Bug / Gameplay Degradation,Performance / Stability Complaint,"Not Recommended review focuses on bugs, lag, crashes, or degraded gameplay experience.",Aligned Negative,False,False,False,False,High,assistant_draft
Phasmophobia,2026-06-12,Recommended,167.0 hrs on record,167.0,Veteran,0,0,0.5,0.0,False,True,False,False,False,True,False,glitches and hackers,Mixed,Mixed Negative,Recommendation Mismatch Candidate,Recommended label but text only mentions glitches and hackers.,Soft Mismatch: Recommended but Mixed Text,False,True,False,True,Medium,assistant_draft
Phasmophobia,2026-06-10,Not Recommended,117.0 hrs on record,117.0,Veteran,1,1,0.5258620381355285,0.0,False,True,False,False,False,False,False,"Phasmophobia might just be one of the most neglected games of all time. There is so much potential, but their dev team are absolutely HORRENDOUS at meeting deadlines, and even when they do, they come out with mediocre result. They've had their fair share of excuses, but it is getting out of line. There are TOO many bugs, TOO many hackers, and this one guy called BiscuitBum who lurks on their servers and won't stop threatening to tickle the soles of my feet. Sort. It. Out.",Negative,Bug / Gameplay Degradation,Performance / Stability Complaint,"Not Recommended review focuses on bugs, lag, crashes, or degraded gameplay experience.",Aligned Negative,False,False,False,False,High,assistant_draft
Phasmophobia,2026-06-11,Recommended,61.0 hrs on record,61.0,Regular,0,0,0.5,0.0,False,False,True,False,False,True,False,fun and yes,Positive,Genuine Positive,Low Information,Short but positive statement.,Aligned Positive,False,False,False,False,High,assistant_draft
Phasmophobia,2026-06-10,Recommended,94.6 hrs on record,94.6,Regular,0,0,0.4761904776096343,0.0,False,False,False,False,False,True,False,zxcvb,Neutral/Unclear,Low Information,Low Information,Non-evaluative text.,Ambiguous / Low Information,False,False,True,True,Low,assistant_draft
Phasmophobia,2026-06-10,Recommended,113.1 hrs on record,113.1,Veteran,0,0,0.5,0.0,False,False,True,False,False,True,False,Find ghost... ver fun,Positive,Genuine Positive,Low Information,Short Recommended review with positive wording.,Aligned Positive,False,False,False,False,High,assistant_draft
Phasmophobia,2026-06-09,Recommended,10.1 hrs on record,10.1,Casual,0,0,0.5,0.0,False,False,False,False,False,True,False,в соло не кайф,Mixed,Mixed Negative,Non-English / Solo Complaint,Russian text roughly indicates solo play is not enjoyable.,Soft Mismatch: Recommended but Mixed Text,False,True,False,True,Medium,assistant_draft
Phasmophobia,2026-06-12,Not Recommended,5.4 hrs on record,5.4,New,1,0,0.5,0.0,False,False,False,False,False,True,False,this game suck,Negative,Genuine Negative,Low Information,Very short review; sentiment inferred mostly from the Steam recommendation label and limited text.,Aligned Negative,False,False,False,False,High,assistant_draft
Phasmophobia,2026-06-11,Recommended,4.9 hrs on record,4.9,New,0,0,0.5,0.0,False,False,False,False,False,True,False,W Game,Positive,Genuine Positive,Low Information,Short Recommended review with positive wording.,Aligned Positive,False,False,False,False,High,assistant_draft
Phasmophobia,2026-06-12,Recommended,19.9 hrs on record,19.9,Casual,0,1,0.5,0.0,False,False,True,False,False,True,False,best horror co op game,Positive,Genuine Positive,Low Information,Short Recommended review with positive wording.,Aligned Positive,False,False,False,False,High,assistant_draft
Phasmophobia,2026-06-09,Recommended,31.4 hrs on record,31.4,Casual,0,0,0.5,0.0,False,False,False,False,False,True,False,YURT,Neutral/Unclear,Low Information,Low Information,Non-evaluative low-information text.,Ambiguous / Low Information,False,False,True,True,Low,assistant_draft
Phasmophobia,2026-06-13,Recommended,15.3 hrs on record,15.3,Casual,0,0,0.5,0.0,False,False,True,False,False,True,False,best,Positive,Genuine Positive,Low Information,Short Recommended review with positive wording.,Aligned Positive,False,False,False,False,High,assistant_draft
Phasmophobia,2026-06-11,Recommended,40.7 hrs on record,40.7,Casual,2,0,0.541284441947937,0.0,False,False,False,False,False,True,False,i gave my friend diharrea,Neutral/Unclear,Low Information,Low Information,Very short Recommended review with insufficient evaluative detail.,Ambiguous / Low Information,False,False,True,True,Low,assistant_draft
Phasmophobia,2026-06-09,Recommended,7.1 hrs on record,7.1,New,0,0,0.5,0.0,False,False,True,False,False,True,False,GOOD GAME,Positive,Genuine Positive,Low Information,Short Recommended review with positive wording.,Aligned Positive,False,False,False,False,High,assistant_draft
Phasmophobia,2026-06-13,Recommended,32.1 hrs on record,32.1,Casual,0,0,0.5,0.0,False,False,True,False,False,True,False,is scary,Positive,Genuine Positive,Low Information,Short Recommended review with positive wording.,Aligned Positive,False,False,False,False,High,assistant_draft
Phasmophobia,2026-06-09,Recommended,9.7 hrs on record,9.7,New,0,0,0.5,0.0,False,False,True,False,False,True,False,Spooky. Funny. Good.,Positive,Genuine Positive,Low Information,Short Recommended review with positive wording.,Aligned Positive,False,False,False,False,High,assistant_draft
Phasmophobia,2026-06-09,Recommended,715.9 hrs on record,715.9,Hardcore,0,0,0.5,0.0,False,False,True,False,False,True,False,I love this game,Positive,Genuine Positive,Low Information,Short Recommended review with positive wording.,Aligned Positive,False,False,False,False,High,assistant_draft
Phasmophobia,2026-06-10,Recommended,45.1 hrs on record,45.1,Casual,0,0,0.5,0.0,False,False,False,False,False,True,False,:),Neutral/Unclear,Low Information,Low Information,Emoji-only/near-empty review.,Ambiguous / Low Information,False,False,True,True,Low,assistant_draft
Phasmophobia,2026-06-09,Recommended,3.1 hrs on record,3.1,New,0,0,0.5,0.0,False,False,True,False,False,True,False,good,Positive,Genuine Positive,Low Information,Short Recommended review with positive wording.,Aligned Positive,False,False,False,False,High,assistant_draft
Phasmophobia,2026-06-10,Recommended,13.6 hrs on record,13.6,Casual,0,0,0.5,0.0,False,False,True,False,False,True,False,good game scary though,Positive,Genuine Positive,Low Information,Short Recommended review with positive wording.,Aligned Positive,False,False,False,False,High,assistant_draft
Phasmophobia,2026-06-12,Recommended,4.6 hrs on record,4.6,New,0,0,0.5,0.0,False,False,True,False,False,True,False,AMAZING GAME YES YES,Positive,Genuine Positive,Low Information,Short Recommended review with positive wording.,Aligned Positive,False,False,False,False,High,assistant_draft
Phasmophobia,2026-06-12,Recommended,30.4 hrs on record,30.4,Casual,0,0,0.5,0.0,False,False,True,False,False,True,False,scary?,Neutral/Unclear,Low Information,Low Information,Question-like one-word review with unclear sentiment.,Ambiguous / Low Information,False,False,True,True,Low,assistant_draft
Phasmophobia,2026-06-13,Recommended,54.6 hrs on record,54.6,Regular,0,0,0.5,0.0,False,False,False,False,False,True,False,fajna pzdr,Positive,Genuine Positive,Non-English / Low Information,Polish low-information positive phrase.,Aligned Positive,False,False,False,False,High,assistant_draft
