analysis_review,actual_label,predicted_label,review_key,recommendation,actual_sentiment,primary_category,secondary_category,annotation_notes,mismatch_type,mismatch_type_recomputed,annotation_confidence,playtime_hours,playtime_segment,word_count,char_count,helpful_count,funny_count,contains_update_keyword,contains_bug_or_degradation,contains_positive_emotion,contains_negative_emotion,is_mourning,is_low_information,is_soft_mismatch_candidate,is_mismatch_or_ambiguous_target,is_correct,error_type
I've literally played this game for 66.6 hours. Thats on theme for this game. I'm sad that the next time I play it will roll over but just know this game is incredibly fun and challenging + the community is like no other. I've made several friends just playing this game in public lobbies. ENJOY!,Positive,Mixed,i've literally played this game for 66.6 hours. thats on theme for this game. i'm sad that the next time i play it will roll over but just know this game is incredibly fun and challenging + the community is like no other. i've made several friends just playing this game in public lobbies. enjoy!,Recommended,Positive,Genuine Positive,Meme / Joke Review,"Positive overall; sadness is about playtime moving past 66.6 hours, not game dissatisfaction.",Aligned Positive,Aligned Positive,High,66.6,Regular,55,296,0,0,False,False,True,True,False,False,True,False,False,Positive → Mixed
it was good before new update sucks make settings to change things back to original,Mixed,Negative,it was good before new update sucks make settings to change things back to original,Recommended,Mixed,Mixed Negative,Recommendation Mismatch Candidate,Recommended label but says the new update sucks and asks for original settings.,Soft Mismatch: Recommended but Mixed Text,Soft Mismatch: Recommended but Mixed Text,Medium,124.7,Veteran,15,83,0,0,True,False,True,False,False,False,True,True,False,Mixed → Negative
the only thing i was certain was the what ever it was it wanted me gone 10/10,Positive,Mixed,the only thing i was certain was the what ever it was it wanted me gone 10/10,Recommended,Positive,Genuine Positive,,Straightforward positive Recommended review.,Aligned Positive,Aligned Positive,High,3.6,New,17,77,0,0,False,False,False,False,False,False,False,False,False,Positive → Mixed
best co-op horror game i have been ever seen to play with friends but this game contains many glitches and bugs that makes users experience a little bit bad and i hope they will fix the bugs and glitches,Mixed,Positive,best co-op horror game i have been ever seen to play with friends but this game contains many glitches and bugs that makes users experience a little bit bad and i hope they will fix the bugs and glitches,Recommended,Mixed,Mixed Positive,Bug Complaint,Strongly positive overall but bugs/glitches harm experience.,Soft Mismatch: Recommended but Mixed Text,Soft Mismatch: Recommended but Mixed Text,Medium,15.0,Casual,39,203,0,0,False,True,True,True,False,False,True,True,False,Mixed → Positive
"I still have not let Steam update Phasmo to the latest horrible Alan Wake mess, that's why I think it's still good.",Mixed,Negative,"i still have not let steam update phasmo to the latest horrible alan wake mess, that's why i think it's still good.",Not Recommended,Mixed,Mixed Negative,Update Backlash,"Still thinks the older/non-updated version is good, but rejects the latest update.",Soft Mismatch: Not Recommended but Mixed Text,Soft Mismatch: Not Recommended but Mixed Text,Medium,652.9,Hardcore,22,115,0,0,True,False,True,True,False,False,False,True,False,Mixed → Negative
saw the ghost got scared and left,Positive,Neutral/Unclear,saw the ghost got scared and left,Recommended,Positive,Genuine Positive,,Straightforward positive Recommended review.,Aligned Positive,Aligned Positive,High,3.3,New,7,33,0,0,False,False,False,False,False,False,False,False,False,Positive → Neutral/Unclear
scary?,Neutral/Unclear,Positive,scary?,Recommended,Neutral/Unclear,Low Information,Low Information,Question-like one-word review with unclear sentiment.,Ambiguous / Low Information,Ambiguous / Low Information,Low,30.4,Casual,1,6,0,0,False,False,True,False,False,True,False,True,False,Neutral/Unclear → Positive
в соло не кайф,Mixed,Neutral/Unclear,в соло не кайф,Recommended,Mixed,Mixed Negative,Non-English / Solo Complaint,Russian text roughly indicates solo play is not enjoyable.,Soft Mismatch: Recommended but Mixed Text,Soft Mismatch: Recommended but Mixed Text,Medium,10.1,Casual,4,14,0,0,False,False,False,False,False,True,False,True,False,Mixed → Neutral/Unclear
"Still slaps to this day,yes some customization sucks but remember you play this for the plot so stick to that and you will be satisfied with your purchase. Also works with low spec PC's pretty surprisingly aswell,not incredibly optimized but exceptionally done so far.",Mixed,Positive,"still slaps to this day,yes some customization sucks but remember you play this for the plot so stick to that and you will be satisfied with your purchase. also works with low spec pc's pretty surprisingly aswell,not incredibly optimized but exceptionally done so far.",Recommended,Mixed,Mixed Positive,Positive with Minor Complaint,Still recommends the game while acknowledging customization issues.,Soft Mismatch: Recommended but Mixed Text,Soft Mismatch: Recommended but Mixed Text,Medium,48.5,Casual,44,268,0,0,True,False,False,False,False,False,True,True,False,Mixed → Positive
"Great game Idea, but very bad servers and bugs. Settings reset all the time I re-open the game. Random ""lost connection to server"" even tho my internet is perfectly fine, incense doesnt protect sometimes, etc.",Negative,Mixed,"great game idea, but very bad servers and bugs. settings reset all the time i re-open the game. random ""lost connection to server"" even tho my internet is perfectly fine, incense doesnt protect sometimes, etc.",Not Recommended,Negative,Bug / Gameplay Degradation,Performance / Stability Complaint,"Not Recommended review focuses on bugs, lag, crashes, or degraded gameplay experience.",Aligned Negative,Aligned Negative,High,47.4,Casual,35,209,1,0,False,True,True,True,False,False,False,False,False,Negative → Mixed
i just think its a good game but hard too play,Positive,Mixed,i just think its a good game but hard too play,Recommended,Positive,Genuine Positive,,Straightforward positive Recommended review.,Aligned Positive,Aligned Positive,High,7.4,New,11,46,0,0,False,False,True,False,False,False,False,False,False,Positive → Mixed
"Phasmophobia is exactly the kind of ghost-hunting chaos I want. The problem is that I have no friends to play it with. Which is rude, because this game is clearly built for group panic. I want to walk into a haunted house with a flashlight, a dream, and the confidence of someone who has watched way too much Sam and Colby. I want to ask ghosts disrespectful questions, immediately regret it, and then scream because something moved in the kitchen. The whole setup is so good. You gather evidence, use equipment, watch for signs, try to figure out what kind of ghost you are dealing with, and then attempt to leave before it turns your investigation into a funeral announcement. It is creepy, funny, stressful, and so much better when everyone is panicking together. One person is trying to be serious. One person is already hiding in the van. One person is yelling the ghost’s name like they have never heard of consequences. That is the dream. Even without a full group, I still love the idea of it. The atmosphere is tense, the ghost mechanics are fun, and every investigation feels like it could go from “we are professionals” to “absolutely not, goodbye” in half a second. Phasmophobia lets me live my Sam and Colby dreams, or at least it would if my friends would get their lives together and play with me. Until then, I am just standing outside the haunted house with equipment, trust issues, and no backup.",Positive,Mixed,"phasmophobia is exactly the kind of ghost-hunting chaos i want. the problem is that i have no friends to play it with. which is rude, because this game is clearly built for group panic. i want to walk into a haunted house with a flashlight, a dream, and the confidence of someone who has watched way too much sam and colby. i want to ask ghosts disrespectful questions, immediately regret it, and then scream because something moved in the kitchen. the whole setup is so good. you gather evidence, use equipment, watch for signs, try to figure out what kind of ghost you are dealing with, and then attempt to leave before it turns your investigation into a funeral announcement. it is creepy, funny, stressful, and so much better when everyone is panicking together. one person is trying to be serious. one person is already hiding in the van. one person is yelling the ghost’s name like they have never heard of consequences. that is the dream. even without a full group, i still love the idea of it. the atmosphere is tense, the ghost mechanics are fun, and every investigation feels like it could go from “we are professionals” to “absolutely not, goodbye” in half a second. phasmophobia lets me live my sam and colby dreams, or at least it would if my friends would get their lives together and play with me. until then, i am just standing outside the haunted house with equipment, trust issues, and no backup.",Recommended,Positive,Genuine Positive,Meme / Joke Review,Long comedic review but overall clearly praises the game.,Aligned Positive,Aligned Positive,High,5.0,New,251,1414,0,0,False,True,True,True,False,False,True,False,False,Positive → Mixed
it is a great game to play and really gives the horror vibe while ghost hunting,Positive,Mixed,it is a great game to play and really gives the horror vibe while ghost hunting,Recommended,Positive,Genuine Positive,,Straightforward positive Recommended review.,Aligned Positive,Aligned Positive,High,46.4,Casual,16,79,0,0,False,False,True,False,False,False,False,False,False,Positive → Mixed
Great game and great devs.,Positive,Mixed,great game and great devs.,Recommended,Positive,Genuine Positive,Low Information,Positive.,Aligned Positive,Aligned Positive,High,294.2,Veteran,5,26,0,0,,,True,False,,,,False,False,Positive → Mixed
phasmophobia is a fairly well made game where the devs seem to somewhat care about the comunity and have contiunously added new content throughout the years,Positive,Negative,phasmophobia is a fairly well made game where the devs seem to somewhat care about the comunity and have contiunously added new content throughout the years,Recommended,Positive,Genuine Positive,Developer Praise,Positive evaluation of the game and developers adding content.,Aligned Positive,Aligned Positive,High,23.0,Casual,26,156,0,0,False,False,False,False,False,False,False,False,False,Positive → Negative
