analysis_review,actual_label,predicted_label
"Absolutely loved this game for years, enough that I rebought the game after losing my steam account, always came back time after time. Saw all the changes to the lobbies, maps, equipment, progression, ghosts, etc... and stuck with it. But I'm done, I can't do it anymore, they killed the game I loved playing with my friends for hours. Don't trust the positive reviews, this game has run into the ground. Can't even look at it the same anymore.",Negative,Negative
I've literally played this game for 66.6 hours. Thats on theme for this game. I'm sad that the next time I play it will roll over but just know this game is incredibly fun and challenging + the community is like no other. I've made several friends just playing this game in public lobbies. ENJOY!,Positive,Mixed
enter truck get items enter house emf 5 front door close demon hear voice dead game fun and scarey,Positive,Positive
"Was fun at first but honestly got worse overtime, It feels like the developers are just holding the game hostage from the potential it once had. They went with a ductape/playful UI theme over a cool fanmade creepy themed concept UI posted on reddit a long time ago. They went with limited time events/twitch drops over spending more time on meaningful content updates. They went for a console release to delay every meaningful update rather than to finish the game first. Shipped low quality updates with a literal Star Wars text intro amount of bugs to just to meet a collab deadline. Mind you this game has been in early access for years and has earned millions, there is simply no excuse at this point lol",Negative,Negative
Really good I spent 50 mins on restricted Sunny Medows just for the Dayan to be bugged and not hunt a single time. W game 10/10 would recommend.,Mixed,Mixed
PLEASE this is a bad update,Negative,Negative
This game use to be really fun but the latest update with player customization and animations has just killed the game for me and im going to uninstall it and im not the only one all my friends hate it and we do not enjoy playing anymore. i understand what they were trying to do but they runied it and the customization is so trash. You need to buy everything and even then all the options are trash. Also the fact it is still in early access is just crazy to me its just like 7 days to die. a legit joke,Negative,Negative
very fun and gave me diarea,Neutral/Unclear,Neutral/Unclear
"The early access label is an excuse for a janky game that is constantly getting updates no one asked for. They change what little good the game has, but never change any of the bad, like the giant maps that’re empty. Once playable maps, are now a damn lag simulator, and I don’t even play on that low end of a PC. This game has made about $260 million dollars, yet the studio seems to genuinely mainly care about overpriced merch. The updates are so few and far between, and when they do come, they’re lackluster or worse, do more harm than good by adding bad content and bugs. The dev team for some reason seem to have a bad relationship with the community, and I cannot for the life of me think of any reason why. The reason you guys are STANDING as a team and company is because of fans, but you shut us down and dismiss us, and discourage anything that goes outside of the narrative you guys so desperately want. They’re strongly against mods for the weirdest reason, I mean what the hell man, you would get even more plays and diversity in the game if you allowed or encouraged it. This game was fun and interesting at one point. It was janky, but more so in a lovable way, where you could tell it was a little rough, but made with love. But recently, with all the unnecessary changes, the way the dev team acts towards us, and the way the game is handled as a whole, the past 2 or so years leaves such a bad taste in my mouth, and the game feels more like a chore now than anything. 4/10 for me",Negative,Negative
"Very fun with friends, the amount of content is a good amount, and overall a very well put together game",Positive,Positive
it was good before new update sucks make settings to change things back to original,Mixed,Negative
"There is a good game here, sadly buried under a pile of decisions that come close to being as bad as the recent decisions of arrowhead with helldivers 2. The devs dont listen to the community at all and deny any valid feedback, even that of their own testers. Maps that actually need reworking get left to rot while maps that already get played a lot get the rework for some reason. New character customization update that was supposed to ""make things more realistic"" made it argueably less realistic and more buggy. I'll change the review once that changes, I really, REALLY hope it does",Negative,Negative
"Phas had a special jankyness that brought a little charm to the game. Only thing they ever needed to fix was loading screen bugs and ghosts not functioning properly. The community asks for workshop or for more maps that make sense at the very least, just a few character customization options, more equipment, etc. Instead we got poop from a butt because the devs think they know better. This game has been downhill since they added the â¥â¥â¥â¥â¥â¥â¥ loadouts and bad way to add stuff to the truck. Quite literally the worst change to a game I've ever seen in my life. ""hey this exceedingly simple way to buy and add stuff to the truck looks a little plain, lets completely overhaul it and make it a guessing game as to what you just bought and to where it just went on the screen."" If we got a team of 5th graders to make a roadmap for this game we truly would have a better turnout.",Negative,Negative
Was a great game until the latest update. Horrible animations and the hand gesture feature is awfully tacky. Expected much more from a game I very much enjoyed,Negative,Negative
the only thing i was certain was the what ever it was it wanted me gone 10/10,Positive,Mixed
"The new update has ruined this game for me. Equipment is hard to read and the voicebox doesn't seem to work half the time. The characters were charmingly silly in their movements, now they look really creepy. I have enjoyed most of the events in the game and additions/updates but this most recent one has caused me to stop playing altogether.",Negative,Negative
good game horror true best game not bad truly happy me my pant wet too,Positive,Positive
best co-op horror game i have been ever seen to play with friends but this game contains many glitches and bugs that makes users experience a little bit bad and i hope they will fix the bugs and glitches,Mixed,Positive
"I still have not let Steam update Phasmo to the latest horrible Alan Wake mess, that's why I think it's still good.",Mixed,Negative
saw the ghost got scared and left,Positive,Neutral/Unclear
its fun and i wish people on playstation dont have to get playstation plus just to play with anyone on multiplayer.,Positive,Positive
"Multi-million dollars studio that acts aimlessly with their golden goose, lack of consistent updates and very terrible decisions in recent times. They killed my enjoyement of the game with the most recent animation update and their response to the community's backlash was out of touch, I'd personally advise to avoid buying the game for the time being.",Negative,Negative
"This last update was a mess. It's been on the roadmap since 2022 yet the devs keep saying it was rushed at every turn. An update that is a flawed mess of so called features. If you like awful AI like animations and a dev team that will lie about the poor quality of updates and then deflect when called out for the lie, this is the game for you. If you don't want your model's hand in the middle of your screen or motion sickness from janky movement, The Other Side is a much better alternative. Also the cosmetics reset when you prestige so not only are they costly in game currency wise, but you cant even hold onto them if you want to get a new ID card for your account. I have played this game since before DOTs was an evidence type and with this update and the devs response to the blowback, I cant in good faith recommend this game to anyone.",Negative,Negative
scary?,Neutral/Unclear,Positive
saw friend bug out of hiding spot ghost caught him his body flew away 10/10 would fly again,Neutral/Unclear,Neutral/Unclear
в соло не кайф,Mixed,Neutral/Unclear
"Still slaps to this day,yes some customization sucks but remember you play this for the plot so stick to that and you will be satisfied with your purchase. Also works with low spec PC's pretty surprisingly aswell,not incredibly optimized but exceptionally done so far.",Mixed,Positive
"This was a great game, an ""indie"" that made it big. The last update(s) have made it virtually unplayable. The UI is virtually unusable, the performance is now a stuttery mess, and all the ""indie janky charm"" has been replaced by ""failed realism"". 700+ hours in game, and I no longer recommend it after the last update.",Negative,Negative
"I love this game, but this new update is bad. I’m not talking about the new customization (I’m fine with it). I’m talking about how clunky everything feels now. There are animations when switching items, it looks cooler, but it makes gameplay feel extremely sluggish. This includes opening the journal, which has an animation and is also zoomed out for some reason. I miss how you could switch between items and open the journal super quickly, it made the game feel smooth to play. I still think this is a great game, but I’m not switching my “not recommended” review until they fix these things (or at least add a setting to disable them). I have faith in these devs to do what is right for the game.",Negative,Negative
"The game itself is super cool and easily worth playing... ...after they fix all of the blatant bugs they've more recently introduced into the game. I'll correct my review to ""recommended"" if they fix their plethora of bugs to ""consistently playable"".",Mixed,Mixed
"Great game Idea, but very bad servers and bugs. Settings reset all the time I re-open the game. Random ""lost connection to server"" even tho my internet is perfectly fine, incense doesnt protect sometimes, etc.",Negative,Mixed
The game is fun just a bit buggy but still pretty good.,Mixed,Mixed
i just think its a good game but hard too play,Positive,Mixed
"As someone who has put 200+ hours into this game, and someone who has played since the game first released, I can honestly say the game has gone downhill so much lately. The ""customization"" update that has been being teased for so long, is so barebones and lackluster in any sort of customization it makes me wonder why they even bothered. The animations are SO janky and broken now it makes the game unplayable. There are so many bugs (I.E. randomly getting disconnected from a game) that have somehow managed to persist through countless hotfixes, but the devs seem to have PLENTLY of time to work on nonsense collabs (Looking at you Allan Wake.) I genuinely loved playing this game and it was a top 3 for my friend group, but in its current state I cant be bothered with it. I hope the devs find a way to turn this game around because if they dont make some SERIOUS changes soon, this might be the final nail in the coffin.",Negative,Negative
i dont know why these things are so angry murder is a bit much,Neutral/Unclear,Neutral/Unclear
"Phasmophobia is exactly the kind of ghost-hunting chaos I want. The problem is that I have no friends to play it with. Which is rude, because this game is clearly built for group panic. I want to walk into a haunted house with a flashlight, a dream, and the confidence of someone who has watched way too much Sam and Colby. I want to ask ghosts disrespectful questions, immediately regret it, and then scream because something moved in the kitchen. The whole setup is so good. You gather evidence, use equipment, watch for signs, try to figure out what kind of ghost you are dealing with, and then attempt to leave before it turns your investigation into a funeral announcement. It is creepy, funny, stressful, and so much better when everyone is panicking together. One person is trying to be serious. One person is already hiding in the van. One person is yelling the ghost’s name like they have never heard of consequences. That is the dream. Even without a full group, I still love the idea of it. The atmosphere is tense, the ghost mechanics are fun, and every investigation feels like it could go from “we are professionals” to “absolutely not, goodbye” in half a second. Phasmophobia lets me live my Sam and Colby dreams, or at least it would if my friends would get their lives together and play with me. Until then, I am just standing outside the haunted house with equipment, trust issues, and no backup.",Positive,Mixed
this game good as good,Positive,Positive
We need a workshop,Neutral/Unclear,Neutral/Unclear
it is a great game to play and really gives the horror vibe while ghost hunting,Positive,Mixed
"Boycott until the jank is fixed. They company has made 2 million some odd dollars from this game, early access( 6 years) , lack lustre updates that take months at a time and when we do get the updates they are broken, shallow or just plain boring . Idk what happened to the phasmo of yore but something needs to happen and CJâs message to put the blame on others and told us to â get used to it, itâs not that bad once you play it enough â essentially * once you swim in â¥â¥â¥â¥ for long enough you wonât realize youâre in â¥â¥â¥â¥*",Negative,Negative
"One of the best games i've played in a while. it scratches that curious itch for the unknown, and its fun to play when you're bored",Positive,Positive
Great game and great devs.,Positive,Mixed
phasmophobia is a fairly well made game where the devs seem to somewhat care about the comunity and have contiunously added new content throughout the years,Positive,Negative
