scope,variable,category,n,denominator,proportion,ci95_lower,ci95_upper,interval_note
all_observed_reviews,recommendation,Recommended,197,262,0.7519083969465649,0.6962208727093662,0.8003154105510415,"Wilson interval; descriptive corpus is a census of the available file, so superpopulation inference is conditional."
all_observed_reviews,recommendation,Not Recommended,65,262,0.2480916030534351,0.19968458944895842,0.30377912729063383,"Wilson interval; descriptive corpus is a census of the available file, so superpopulation inference is conditional."
all_observed_reviews,language_status,English,258,262,0.9847328244274809,0.9614087904506815,0.9940473909746484,"Wilson interval; descriptive corpus is a census of the available file, so superpopulation inference is conditional."
all_observed_reviews,language_status,Non-English,4,262,0.015267175572519083,0.005952609025351562,0.03859120954931847,"Wilson interval; descriptive corpus is a census of the available file, so superpopulation inference is conditional."
all_observed_reviews,text_informativeness,Sufficient,231,262,0.8816793893129771,0.8369473815103754,0.9153803203993331,"Wilson interval; descriptive corpus is a census of the available file, so superpopulation inference is conditional."
all_observed_reviews,text_informativeness,Insufficient,31,262,0.1183206106870229,0.08461967960066685,0.1630526184896245,"Wilson interval; descriptive corpus is a census of the available file, so superpopulation inference is conditional."
all_observed_reviews,sentiment_composition,Positive_only,111,262,0.42366412213740456,0.3653560542726438,0.4841784053454145,"Wilson interval; descriptive corpus is a census of the available file, so superpopulation inference is conditional."
all_observed_reviews,sentiment_composition,Mixed,45,262,0.1717557251908397,0.1309118600018647,0.22208631635578588,"Wilson interval; descriptive corpus is a census of the available file, so superpopulation inference is conditional."
all_observed_reviews,sentiment_composition,Negative_only,44,262,0.16793893129770993,0.12754561119724028,0.21792928814131318,"Wilson interval; descriptive corpus is a census of the available file, so superpopulation inference is conditional."
all_observed_reviews,sentiment_composition,Neutral_non_evaluative,31,262,0.1183206106870229,0.08461967960066685,0.1630526184896245,"Wilson interval; descriptive corpus is a census of the available file, so superpopulation inference is conditional."
all_observed_reviews,sentiment_composition,Not_applicable,31,262,0.1183206106870229,0.08461967960066685,0.1630526184896245,"Wilson interval; descriptive corpus is a census of the available file, so superpopulation inference is conditional."
all_observed_reviews,primary_theme,Gameplay_praise,76,262,0.2900763358778626,0.23847411608348368,0.34774564786617657,"Wilson interval; descriptive corpus is a census of the available file, so superpopulation inference is conditional."
all_observed_reviews,primary_theme,General_evaluation,61,262,0.23282442748091603,0.1857338371140734,0.28763677154913053,"Wilson interval; descriptive corpus is a census of the available file, so superpopulation inference is conditional."
all_observed_reviews,primary_theme,Update_or_change,41,262,0.15648854961832062,0.11749649651237043,0.20540857176889182,"Wilson interval; descriptive corpus is a census of the available file, so superpopulation inference is conditional."
all_observed_reviews,primary_theme,Not_applicable,31,262,0.1183206106870229,0.08461967960066685,0.1630526184896245,"Wilson interval; descriptive corpus is a census of the available file, so superpopulation inference is conditional."
all_observed_reviews,primary_theme,Humor_or_meme,27,262,0.10305343511450382,0.07179456574704854,0.14578462426685448,"Wilson interval; descriptive corpus is a census of the available file, so superpopulation inference is conditional."
all_observed_reviews,primary_theme,Technical_issue,13,262,0.04961832061068702,0.029223104307187484,0.08303020743935631,"Wilson interval; descriptive corpus is a census of the available file, so superpopulation inference is conditional."
all_observed_reviews,primary_theme,Nostalgia_or_loss,8,262,0.030534351145038167,0.015551649688047904,0.05908527696301046,"Wilson interval; descriptive corpus is a census of the available file, so superpopulation inference is conditional."
all_observed_reviews,primary_theme,Feature_request,3,262,0.011450381679389313,0.0039015906784648363,0.0331189508771081,"Wilson interval; descriptive corpus is a census of the available file, so superpopulation inference is conditional."
all_observed_reviews,primary_theme,Other,2,262,0.007633587786259542,0.0020958634717221838,0.027401401064753673,"Wilson interval; descriptive corpus is a census of the available file, so superpopulation inference is conditional."
all_observed_reviews,recommendation_text_relation,Aligned positive,111,262,0.42366412213740456,0.3653560542726438,0.4841784053454145,"Wilson interval; descriptive corpus is a census of the available file, so superpopulation inference is conditional."
all_observed_reviews,recommendation_text_relation,Qualified / mixed opinion,45,262,0.1717557251908397,0.1309118600018647,0.22208631635578588,"Wilson interval; descriptive corpus is a census of the available file, so superpopulation inference is conditional."
all_observed_reviews,recommendation_text_relation,Aligned negative,41,262,0.15648854961832062,0.11749649651237043,0.20540857176889182,"Wilson interval; descriptive corpus is a census of the available file, so superpopulation inference is conditional."
all_observed_reviews,recommendation_text_relation,Non-evaluative text,31,262,0.1183206106870229,0.08461967960066685,0.1630526184896245,"Wilson interval; descriptive corpus is a census of the available file, so superpopulation inference is conditional."
all_observed_reviews,recommendation_text_relation,Insufficient text,31,262,0.1183206106870229,0.08461967960066685,0.1630526184896245,"Wilson interval; descriptive corpus is a census of the available file, so superpopulation inference is conditional."
all_observed_reviews,recommendation_text_relation,Hard contradiction,3,262,0.011450381679389313,0.0039015906784648363,0.0331189508771081,"Wilson interval; descriptive corpus is a census of the available file, so superpopulation inference is conditional."
english_sufficient_text,sentiment_composition,Positive_only,111,231,0.4805194805194805,0.4169362012123895,0.5447400946397934,"Wilson interval; descriptive corpus is a census of the available file, so superpopulation inference is conditional."
english_sufficient_text,sentiment_composition,Mixed,45,231,0.19480519480519481,0.14889757204883322,0.25069772963536585,"Wilson interval; descriptive corpus is a census of the available file, so superpopulation inference is conditional."
english_sufficient_text,sentiment_composition,Negative_only,44,231,0.19047619047619047,0.1450617552120511,0.24601716777263305,"Wilson interval; descriptive corpus is a census of the available file, so superpopulation inference is conditional."
english_sufficient_text,sentiment_composition,Neutral_non_evaluative,31,231,0.1341991341991342,0.09617767720014381,0.18418832269084662,"Wilson interval; descriptive corpus is a census of the available file, so superpopulation inference is conditional."
english_sufficient_text,recommendation_text_relation,Aligned positive,111,231,0.4805194805194805,0.4169362012123895,0.5447400946397934,"Wilson interval; descriptive corpus is a census of the available file, so superpopulation inference is conditional."
english_sufficient_text,recommendation_text_relation,Qualified / mixed opinion,45,231,0.19480519480519481,0.14889757204883322,0.25069772963536585,"Wilson interval; descriptive corpus is a census of the available file, so superpopulation inference is conditional."
english_sufficient_text,recommendation_text_relation,Aligned negative,41,231,0.1774891774891775,0.1336128564689019,0.23191693041723757,"Wilson interval; descriptive corpus is a census of the available file, so superpopulation inference is conditional."
english_sufficient_text,recommendation_text_relation,Non-evaluative text,31,231,0.1341991341991342,0.09617767720014381,0.18418832269084662,"Wilson interval; descriptive corpus is a census of the available file, so superpopulation inference is conditional."
english_sufficient_text,recommendation_text_relation,Hard contradiction,3,231,0.012987012987012988,0.004426327366291737,0.03748106893828122,"Wilson interval; descriptive corpus is a census of the available file, so superpopulation inference is conditional."
