analysis,scenario,category,n,denominator,estimate,ci95_lower,ci95_upper
relation_rate,all_rows,Hard contradiction,3,262,0.011450381679389313,0.0039015906784648363,0.0331189508771081
relation_rate,all_rows,Qualified / mixed opinion,45,262,0.1717557251908397,0.1309118600018647,0.22208631635578588
relation_rate,all_rows,Non-evaluative text,31,262,0.1183206106870229,0.08461967960066685,0.1630526184896245
relation_rate,all_rows,Insufficient text,31,262,0.1183206106870229,0.08461967960066685,0.1630526184896245
relation_rate,one_row_per_normalized_text,Hard contradiction,3,250,0.012,0.004089245839774545,0.034681389075857876
relation_rate,one_row_per_normalized_text,Qualified / mixed opinion,45,250,0.18,0.1373327388520246,0.23235292338773436
relation_rate,one_row_per_normalized_text,Non-evaluative text,31,250,0.124,0.08874794216937745,0.1706327109623393
relation_rate,one_row_per_normalized_text,Insufficient text,29,250,0.116,0.08199108127964577,0.161631713408065
relation_rate,exclude_low_confidence_annotations,Hard contradiction,2,233,0.008583690987124463,0.0023570731889928226,0.030751975221421562
relation_rate,exclude_low_confidence_annotations,Qualified / mixed opinion,43,233,0.18454935622317598,0.13999548083892796,0.23933652840269173
relation_rate,exclude_low_confidence_annotations,Non-evaluative text,20,233,0.08583690987124463,0.05625173421387047,0.12885763846390236
relation_rate,exclude_low_confidence_annotations,Insufficient text,22,233,0.0944206008583691,0.06318136666733179,0.13881693092903644
player_group_recommendation_rate,playtime_cutpoints_10_100,10–100h,127,149,0.8523489932885906,0.7865576909428593,0.9004280511587675
player_group_recommendation_rate,playtime_cutpoints_10_100,>100h,24,60,0.4,0.28569303003765506,0.5263417560579315
player_group_recommendation_rate,playtime_cutpoints_10_100,≤10h,46,53,0.8679245283018868,0.7515949119376506,0.9345222979931043
player_group_recommendation_rate,playtime_cutpoints_50_200,50–200h,47,70,0.6714285714285714,0.5550071611698237,0.7700128817328218
player_group_recommendation_rate,playtime_cutpoints_50_200,>200h,11,29,0.3793103448275862,0.22687795730867344,0.5599777379071503
player_group_recommendation_rate,playtime_cutpoints_50_200,≤50h,139,163,0.852760736196319,0.7902595526671287,0.8990169826813695
player_group_recommendation_rate,playtime_cutpoints_100_300,100–300h,18,47,0.3829787234042553,0.2579048266351308,0.5257369155602367
player_group_recommendation_rate,playtime_cutpoints_100_300,>300h,6,13,0.46153846153846156,0.2320575430148814,0.7085656756816796
player_group_recommendation_rate,playtime_cutpoints_100_300,≤100h,173,202,0.8564356435643564,0.8014211270010226,0.8981459187273432
