game_title,author_name,review_date,recommendation,playtime_raw,playtime_hours,review_length,helpful_text,review_text,cleaned_review,helpful_count,funny_count,word_count,char_count,contains_update_keyword,contains_bug_keyword,contains_emotional_keyword,is_veteran,playtime_segment,is_mourning,actual_sentiment,review_category
Phasmophobia,Oyster,Posted: 12 May,Recommended,72.7 hrs on record,72.7,119,No one has rated this review as helpful yet 0,"Posted: 12 May
EARLY ACCESS REVIEW
its an alright game but for me its too clumsy and a bit glitchy so i rarely play it.",its an alright game but for me its too clumsy and a bit glitchy so i rarely play it.,0,0,19,84,False,True,False,False,Regular,False,,
Phasmophobia,FoxerDiller,Posted: 12 May,Recommended,25.6 hrs on record,25.6,364,No one has rated this review as helpful yet 0,"Posted: 12 May
EARLY ACCESS REVIEW
I'm really enjoying this new update. The diner map is super fun and has a great, creepy vibe. Some people are hating on the update, i might be missing something, but so far everything is awesome.
The only real issue I've seen is the fridge door
glitching; it bugs out sometimes, but it hasn't stopped me from having a great time.","I'm really enjoying this new update. The diner map is super fun and has a great, creepy vibe. Some people are hating on the update, i might be missing something, but so far everything is awesome. The only real issue I've seen is the fridge door glitching; it bugs out sometimes, but it hasn't stopped me from having a great time.",0,0,61,329,True,True,True,False,Casual,True,,
Phasmophobia,NightfallX,Posted: May 12,Recommended,37.1 hrs on record,37.1,104,No one has rated this review as helpful yet 0,"Posted: May 12
EARLY ACCESS REVIEW
amazing game. 10/10. they do need to fix the bugs with the new update",amazing game. 10/10. they do need to fix the bugs with the new update,0,0,14,69,True,True,True,False,Casual,False,,
Phasmophobia,𝓜𝓸𝓷𝓼𝓽𝓮𝓻,Posted: 12 May,Recommended,5.3 hrs on record,5.3,58,No one has rated this review as helpful yet 0,"Posted: 12 May
EARLY ACCESS REVIEW
You can roast the ghost",You can roast the ghost,0,0,5,23,False,False,False,False,New,False,,
Phasmophobia,Kylie,Posted: 12 May,Recommended,44.1 hrs on record,44.1,132,No one has rated this review as helpful yet 0,"Posted: 12 May
EARLY ACCESS REVIEW
I'm a lot less than just cleaning supplies and a lifeless bimbo body placed under a fabulous wig.",I'm a lot less than just cleaning supplies and a lifeless bimbo body placed under a fabulous wig.,0,0,18,97,False,False,False,False,Casual,False,,
Phasmophobia,HowdMyDikTzt,Posted: 12 May,Recommended,17.5 hrs on record,17.5,166,No one has rated this review as helpful yet 0,"Posted: 12 May
EARLY ACCESS REVIEW
One of the best games i've played in a while. it scratches that curious itch for the unknown, and its fun to play when you're bored","One of the best games i've played in a while. it scratches that curious itch for the unknown, and its fun to play when you're bored",0,0,26,131,False,False,True,False,Casual,False,,
Phasmophobia,Muertowolf,Posted: 12 May,Recommended,1.9 hrs on record,1.9,200,No one has rated this review as helpful yet 0,"Posted: 12 May
Product refunded

EARLY ACCESS REVIEW
I liked this game but I didn't enjoy it enough to keep it. It's fun for people who like solving mystery's and puzzles, Good game just not my style.","Product refunded I liked this game but I didn't enjoy it enough to keep it. It's fun for people who like solving mystery's and puzzles, Good game just not my style.",0,0,31,164,False,False,True,False,New,False,,
Phasmophobia,oceanblue181818,Posted: 12 May,Recommended,51.8 hrs on record,51.8,260,No one has rated this review as helpful yet 0,"Posted: 12 May
EARLY ACCESS REVIEW
I enjoy the fact that there is equipment in the game that one uses in real life ghost hunts and paranormal investigations. I also like that the ghosts in this game are based on real folklore from different parts of the world.",I enjoy the fact that there is equipment in the game that one uses in real life ghost hunts and paranormal investigations. I also like that the ghosts in this game are based on real folklore from different parts of the world.,0,0,42,225,False,False,False,False,Regular,False,,
Phasmophobia,Crimシ,Posted: May 12,Recommended,51.4 hrs on record,51.4,43,No one has rated this review as helpful yet 0,"Posted: May 12
EARLY ACCESS REVIEW
the goat",the goat,0,0,2,8,False,False,False,False,Regular,False,,
Phasmophobia,Not_XGI,Posted: May 12,Recommended,4.4 hrs on record,4.4,57,No one has rated this review as helpful yet 0,"Posted: May 12
EARLY ACCESS REVIEW
this game good as good",this game good as good,0,0,5,22,False,False,False,False,New,False,,
Phasmophobia,The Mad Hatty,Posted: May 12,Recommended,425.4 hrs on record,425.4,116,No one has rated this review as helpful yet 0,"Posted: May 12
EARLY ACCESS REVIEW
This game is so much fun and when you are playing with friends it's even better!!",This game is so much fun and when you are playing with friends it's even better!!,0,0,16,81,False,False,True,True,Hardcore,False,,
Phasmophobia,Azlayn,Posted: May 12,Recommended,69.1 hrs on record,69.1,55,No one has rated this review as helpful yet 0,"Posted: May 12
EARLY ACCESS REVIEW
i got the hantuvirus",i got the hantuvirus,0,0,4,20,False,False,False,False,Regular,False,,
Phasmophobia,bradyhargraves,Posted: May 12,Recommended,33.9 hrs on record,33.9,114,1 person found this review helpful 0,"Posted: May 12
EARLY ACCESS REVIEW
great game, some players are so whiny about update ""waaah waaah its slow waaah""","great game, some players are so whiny about update ""waaah waaah its slow waaah""",0,0,14,79,True,False,True,False,Casual,True,,
Phasmophobia,bigsonnyt,Posted: May 12,Recommended,30.5 hrs on record,30.5,59,2 people found this review helpful 0,"Posted: May 12
EARLY ACCESS REVIEW
it is very good and nice",it is very good and nice,2,0,6,24,False,False,False,False,Casual,False,,
Phasmophobia,SatsuJin,Posted: May 12,Recommended,294.2 hrs on record,294.2,61,No one has rated this review as helpful yet 0,"Posted: May 12
EARLY ACCESS REVIEW
Great game and great devs.",Great game and great devs.,0,0,5,26,False,False,True,True,Veteran,True,,
Phasmophobia,markylough,Posted: May 12,Recommended,59.7 hrs on record,59.7,60,No one has rated this review as helpful yet 0,"Posted: May 12
EARLY ACCESS REVIEW
*imaginary thumbsup emogi",*imaginary thumbsup emogi,0,0,3,25,False,False,False,False,Regular,False,,
Phasmophobia,Donciukas,Posted: May 12,Recommended,13.3 hrs on record,13.3,56,No one has rated this review as helpful yet 0,"Posted: May 12
EARLY ACCESS REVIEW
very good, very scary","very good, very scary",0,0,4,21,False,False,False,False,Casual,False,,
Phasmophobia,Gronz0,Posted: May 12,Recommended,31.7 hrs on record,31.7,34,No one has rated this review as helpful yet 0,"Posted: May 12
EARLY ACCESS REVIEW",,0,0,0,0,False,False,False,False,Casual,False,,
Phasmophobia,briannanewkirk5,Posted: May 12,Recommended,152.3 hrs on record,152.3,132,No one has rated this review as helpful yet 0,"Posted: May 12
EARLY ACCESS REVIEW
Very fun puzzle game with ghosts and really fun mechanics that make each game a unique experience",Very fun puzzle game with ghosts and really fun mechanics that make each game a unique experience,0,0,17,97,False,False,True,True,Veteran,False,,
Phasmophobia,Vampiric_Hamster,Posted: May 12,Recommended,219.7 hrs on record,219.7,95,No one has rated this review as helpful yet 0,"Posted: May 12
EARLY ACCESS REVIEW
My insanity evidence would be UV and no i will not elaborate",My insanity evidence would be UV and no i will not elaborate,0,0,12,60,False,False,False,True,Veteran,False,,
Phasmophobia,SlamiTwosti,Posted: May 12,Recommended,30.3 hrs on record,30.3,149,No one has rated this review as helpful yet 0,"Posted: May 12
EARLY ACCESS REVIEW
Ghost is in room 1. I go room 1. Nothing happen in room 1. Ghost does ghost stuff and crawls out of room 2. I die.",Ghost is in room 1. I go room 1. Nothing happen in room 1. Ghost does ghost stuff and crawls out of room 2. I die.,0,0,26,114,False,False,False,False,Casual,False,,
Phasmophobia,Daman Singh,Posted: May 12,Recommended,15.7 hrs on record,15.7,62,No one has rated this review as helpful yet 0,"Posted: May 12
EARLY ACCESS REVIEW
best horror game i ever had",best horror game i ever had,0,0,6,27,False,False,False,False,Casual,False,,
Phasmophobia,Clown,Posted: 12 May,Not Recommended,77.1 hrs on record,77.1,124,No one has rated this review as helpful yet 0,"Posted: 12 May
EARLY ACCESS REVIEW
Rushed out a buggy and broken update so they could do an Alan Wake (2) collab. Marvelous.",Rushed out a buggy and broken update so they could do an Alan Wake (2) collab. Marvelous.,0,0,17,89,True,True,False,False,Regular,False,,
Phasmophobia,Eggis,Posted: 12 May,Not Recommended,23.5 hrs on record,23.5,104,3 people found this review helpful 0,"Posted: 12 May
EARLY ACCESS REVIEW
The latest update has ruined the experience for me ( bendy back gone)",The latest update has ruined the experience for me ( bendy back gone),3,0,13,69,True,False,True,False,Casual,True,,
Phasmophobia,impulse,Posted: 12 May,Not Recommended,215.6 hrs on record,215.6,208,No one has rated this review as helpful yet 0,"Posted: 12 May
EARLY ACCESS REVIEW
this game was great until the character update please revert :D

or at least fix all the issues its caused, like the delay on almost everything and the weird new animations.","this game was great until the character update please revert :D or at least fix all the issues its caused, like the delay on almost everything and the weird new animations.",0,0,31,172,True,False,True,True,Veteran,False,,
Phasmophobia,Scout,Posted: May 12,Not Recommended,476.6 hrs on record,476.6,2301,3 people found this review helpful 0,"Posted: May 12
EARLY ACCESS REVIEW
I used to really love playing this game, but it seems the devs have just been making questionable decisions ever since the item update. Rather than rework maps that no one likes, like school or prison, they reworked a beloved map. I actually like new Tanglewood, but it feels like they only did that because it was much easier to rework than a bigger map.

The new update with character customization, which is when I'm writing this, added a load of new weird things I wish didn't make it to live. Using items now feels sluggish and can often be detrimental for survival when the ghost spawns right next to you to hunt. Wanna use incense? Hope you like the 1 second long animation before it gets going. Wanna use T3 salt to slow the ghost? Another 1 second animation.

The way a lot of items are held now also bothers me as I can barely read the details some of the items have on their display now. It's so tiny and low resolution due to the distance from the camera that it makes it difficult to actually use stuff like T1 thermometer or even T3 sound recorder. Holding a video camera on a tripod also sucks since the screen on the camera is insanely tiny while holding JUST the camera puts it WAAAAY too close to my screen and I can't see anything but the little screen.

The new character animations are broken and look worse than the placeholder ones we had. Someone turns around and the legs break. The arms and wrists look broken when holding most items, etc. To top it all off, they somehow broke dropping items. I've essentially gotten softlocked almost every job since the update since dropping an item is a gamble on whether or not it falls through the map. Goodbye perfect hunts.

There's also still the bug of getting 3 evidence for one ghost, but it's a completely different ghost, and no, I'm not talking about a mimic. I mean getting 3 evidence for a wraith, but it somehow ends up being a spirit despite having proof that all the evidence wasn't for spirit.

It's a shame because this game was a lot of fun to me, even on solo. It's still fun at its core, but with each new update comes a new issue that actively harms gameplay. I really hope the devs actually fix the bigger problems instead of focusing on small things because they're easier to do.","I used to really love playing this game, but it seems the devs have just been making questionable decisions ever since the item update. Rather than rework maps that no one likes, like school or prison, they reworked a beloved map. I actually like new Tanglewood, but it feels like they only did that because it was much easier to rework than a bigger map. The new update with character customization, which is when I'm writing this, added a load of new weird things I wish didn't make it to live. Using items now feels sluggish and can often be detrimental for survival when the ghost spawns right next to you to hunt. Wanna use incense? Hope you like the 1 second long animation before it gets going. Wanna use T3 salt to slow the ghost? Another 1 second animation. The way a lot of items are held now also bothers me as I can barely read the details some of the items have on their display now. It's so tiny and low resolution due to the distance from the camera that it makes it difficult to actually use stuff like T1 thermometer or even T3 sound recorder. Holding a video camera on a tripod also sucks since the screen on the camera is insanely tiny while holding JUST the camera puts it WAAAAY too close to my screen and I can't see anything but the little screen. The new character animations are broken and look worse than the placeholder ones we had. Someone turns around and the legs break. The arms and wrists look broken when holding most items, etc. To top it all off, they somehow broke dropping items. I've essentially gotten softlocked almost every job since the update since dropping an item is a gamble on whether or not it falls through the map. Goodbye perfect hunts. There's also still the bug of getting 3 evidence for one ghost, but it's a completely different ghost, and no, I'm not talking about a mimic. I mean getting 3 evidence for a wraith, but it somehow ends up being a spirit despite having proof that all the evidence wasn't for spirit. It's a shame because this game was a lot of fun to me, even on solo. It's still fun at its core, but with each new update comes a new issue that actively harms gameplay. I really hope the devs actually fix the bigger problems instead of focusing on small things because they're easier to do.",3,0,418,2261,True,True,True,True,Hardcore,True,,
Phasmophobia,Bleat,Posted: May 12,Not Recommended,126.2 hrs on record,126.2,662,1 person found this review helpful 0,"Posted: May 12
EARLY ACCESS REVIEW
The ""Player Character Update 0.17.0.0"" has shown that the dev team desperately needs to sit down and review their development and testing processes. There have been multiple minor issues with updates over the games lifetime, but this update in particular has been a horrendous display of complacency and negligence.

I really hope the team can claw their way back up from this low point, as it's a game that myself and many others have genuinely enjoyed. But this last push of a severely underbaked update paired with a nonchalant attitude to players reacting negatively to said update, has been extremely disappointing to see.","The ""Player Character Update 0.17.0.0"" has shown that the dev team desperately needs to sit down and review their development and testing processes. There have been multiple minor issues with updates over the games lifetime, but this update in particular has been a horrendous display of complacency and negligence. I really hope the team can claw their way back up from this low point, as it's a game that myself and many others have genuinely enjoyed. But this last push of a severely underbaked update paired with a nonchalant attitude to players reacting negatively to said update, has been extremely disappointing to see.",0,0,103,626,True,False,False,True,Veteran,False,,
Phasmophobia,King Chonk,Posted: May 12,Not Recommended,470.5 hrs on record,470.5,849,1 person found this review helpful 0,"Posted: May 12
EARLY ACCESS REVIEW
TL;DR Don't get it yet character customization added animations that made it so sluggish

I have played this game for many hours, maybe not as much as some of the community but still enough to enjoy my time with this game, I have been through the janky times of when the game first came out and I am still here with the janky times with the new character customization, and I cant currently recommend getting this game in its current state, it was just simply better before the customization update but now it feels sluggish, and while I understand the devs have fixed some of the issues with the Alan Wake release, it still isn't enough. This Character Customization update has been in the works for years, been pushed back time after time and it still comes out as a buggy mess the hell were the delays for then?","TL;DR Don't get it yet character customization added animations that made it so sluggish I have played this game for many hours, maybe not as much as some of the community but still enough to enjoy my time with this game, I have been through the janky times of when the game first came out and I am still here with the janky times with the new character customization, and I cant currently recommend getting this game in its current state, it was just simply better before the customization update but now it feels sluggish, and while I understand the devs have fixed some of the issues with the Alan Wake release, it still isn't enough. This Character Customization update has been in the works for years, been pushed back time after time and it still comes out as a buggy mess the hell were the delays for then?",0,0,149,813,True,True,False,True,Hardcore,False,,
Phasmophobia,Whitechapel,Posted: May 12,Not Recommended,286.1 hrs on record,286.1,3016,2 people found this review helpful 0,"Posted: May 12
EARLY ACCESS REVIEW
TLDR; New gamers, I urge you not to buy this game. Do not throw good money after bad. The majority of good reviews for this game are for an archived version of ""Phasmophobia"" which is longer exists and/or in not available after 05/05/26.

After the debacle that is the 5/5 0.17 Cosmetics update, I dared hope that the devs might listen and fix the worst offenders in the follow-up hotfix of 12/05/26.
This patch failed to address the core issues of ""degraded visuals"" (Avatars, animations, visual bugs.)
and ""Gameplay feel / pacing"" (How the player interacts with their equipment and interactions with game UI).

The Hotfix ignores the community feedback regarding cosmetics and visual feel of the game entirely except for a token change to the video camera.
Gameplay feedback has been poorly addressed: The much hated animations were shortened or removed - except where they haven't been, or for some reason just revert to having animations which were supposedly removed. EG. Placing salt is instant, but you remain animation locked until the animation completes. Closing the journel animation locks you etc. There are also huge inconsistencies around when animations have been removed or will animation lock you partly due to the knee-jerk reaction of pruning SOME animations and NOT ALL. This gives the overall effect of feeling even more jarring than the previous BLANKET animation locks which the devs forced into 0.17.
As for visual animations: I am 'pleased' to report that players can still turn their legs into noodley-knots simply by walking forwards and straffing left.
More importantly objects held in your hand jitter and shudder when you turn your camera, leading to intense motion sickness and rendering some objects unusable unless you are stood still (Vid Cam).

Tellingly; Whereas the cosmetics update has been 2 years in coming and we got 3 items of clothing with various colours and no ability to change hairstyles outside of choosing from character models which are vastly inferior to pre05/05 iterations;
the Alan Wake collab is surprisingly (and suspiciously) polished. It makes me think that the time/money went towards this unrelated collab as a cash-in rather than going towards core gameplay/EA benchmark goals which had been promised for several years.

I will not recommend this game due to the current game-breaking bugs, poor game ""feel"" and my own personal opinion that what started out as a true passion project has decided to cash-in on previous community good will for a quick buck.

I have spent nearly 300hrs making amazing memories with friends in a game which no longer exists and which has replaced with a bastardised, janky and ugly malformed degeneration which sullies the name of the original (pre 05/05) game.

It saddens me that my first ever review for a game is written to WARN other players away, but this is no longer the game 'Phasmophobia' which had overwhelmingly positive reviews.

Phasmo devs: You Killed My Baby. Shame on you.","TLDR; New gamers, I urge you not to buy this game. Do not throw good money after bad. The majority of good reviews for this game are for an archived version of ""Phasmophobia"" which is longer exists and/or in not available after 05/05/26. After the debacle that is the 5/5 0.17 Cosmetics update, I dared hope that the devs might listen and fix the worst offenders in the follow-up hotfix of 12/05/26. This patch failed to address the core issues of ""degraded visuals"" (Avatars, animations, visual bugs.) and ""Gameplay feel / pacing"" (How the player interacts with their equipment and interactions with game UI). The Hotfix ignores the community feedback regarding cosmetics and visual feel of the game entirely except for a token change to the video camera. Gameplay feedback has been poorly addressed: The much hated animations were shortened or removed - except where they haven't been, or for some reason just revert to having animations which were supposedly removed. EG. Placing salt is instant, but you remain animation locked until the animation completes. Closing the journel animation locks you etc. There are also huge inconsistencies around when animations have been removed or will animation lock you partly due to the knee-jerk reaction of pruning SOME animations and NOT ALL. This gives the overall effect of feeling even more jarring than the previous BLANKET animation locks which the devs forced into 0.17. As for visual animations: I am 'pleased' to report that players can still turn their legs into noodley-knots simply by walking forwards and straffing left. More importantly objects held in your hand jitter and shudder when you turn your camera, leading to intense motion sickness and rendering some objects unusable unless you are stood still (Vid Cam). Tellingly; Whereas the cosmetics update has been 2 years in coming and we got 3 items of clothing with various colours and no ability to change hairstyles outside of choosing from character models which are vastly inferior to pre05/05 iterations; the Alan Wake collab is surprisingly (and suspiciously) polished. It makes me think that the time/money went towards this unrelated collab as a cash-in rather than going towards core gameplay/EA benchmark goals which had been promised for several years. I will not recommend this game due to the current game-breaking bugs, poor game ""feel"" and my own personal opinion that what started out as a true passion project has decided to cash-in on previous community good will for a quick buck. I have spent nearly 300hrs making amazing memories with friends in a game which no longer exists and which has replaced with a bastardised, janky and ugly malformed degeneration which sullies the name of the original (pre 05/05) game. It saddens me that my first ever review for a game is written to WARN other players away, but this is no longer the game 'Phasmophobia' which had overwhelmingly positive reviews. Phasmo devs: You Killed My Baby. Shame on you.",2,0,490,2974,True,True,True,True,Veteran,False,,
Phasmophobia,Hubert1234,Posted: May 12,Not Recommended,47.3 hrs on record,47.3,37,2 people found this review helpful 0,"Posted: May 12
EARLY ACCESS REVIEW
no",no,2,0,1,2,False,False,False,False,Casual,False,,
Phasmophobia,Tracker,Posted: May 12,Not Recommended,65.4 hrs on record,65.4,885,4 people found this review helpful 0,"Posted: May 12
EARLY ACCESS REVIEW
This last update was a mess. It's been on the roadmap since 2022 yet the devs keep saying it was rushed at every turn. An update that is a flawed mess of so called features. If you like awful AI like animations and a dev team that will lie about the poor quality of updates and then deflect when called out for the lie, this is the game for you. If you don't want your model's hand in the middle of your screen or motion sickness from janky movement, The Other Side is a much better alternative.

Also the cosmetics reset when you prestige so not only are they costly in game currency wise, but you cant even hold onto them if you want to get a new ID card for your account.

I have played this game since before DOTs was an evidence type and with this update and the devs response to the blowback, I cant in good faith recommend this game to anyone.","This last update was a mess. It's been on the roadmap since 2022 yet the devs keep saying it was rushed at every turn. An update that is a flawed mess of so called features. If you like awful AI like animations and a dev team that will lie about the poor quality of updates and then deflect when called out for the lie, this is the game for you. If you don't want your model's hand in the middle of your screen or motion sickness from janky movement, The Other Side is a much better alternative. Also the cosmetics reset when you prestige so not only are they costly in game currency wise, but you cant even hold onto them if you want to get a new ID card for your account. I have played this game since before DOTs was an evidence type and with this update and the devs response to the blowback, I cant in good faith recommend this game to anyone.",4,0,166,848,True,True,False,False,Regular,False,,
Phasmophobia,Horax,Posted: May 12,Not Recommended,254.9 hrs on record,254.9,53,4 people found this review helpful 0,"Posted: May 12
EARLY ACCESS REVIEW
We need a workshop",We need a workshop,4,0,4,18,False,False,False,True,Veteran,False,,
Phasmophobia,Taylor1998newfie,Posted: May 12,Not Recommended,630.3 hrs on record,630.3,560,4 people found this review helpful 0,"Posted: May 12
EARLY ACCESS REVIEW
Boycott until the jank is fixed. They company has made 2 million some odd dollars from this game, early access( 6 years) , lack lustre updates that take months at a time and when we do get the updates they are broken, shallow or just plain boring . Idk what happened to the phasmo of yore but something needs to happen and CJ’s message to put the blame on others and told us to “ get used to it, it’s not that bad once you play it enough “ essentially * once you swim in ♥♥♥♥ for long enough you won’t realize you’re in ♥♥♥♥*","Boycott until the jank is fixed. They company has made 2 million some odd dollars from this game, early access( 6 years) , lack lustre updates that take months at a time and when we do get the updates they are broken, shallow or just plain boring . Idk what happened to the phasmo of yore but something needs to happen and CJ’s message to put the blame on others and told us to “ get used to it, it’s not that bad once you play it enough “ essentially * once you swim in ♥♥♥♥ for long enough you won’t realize you’re in ♥♥♥♥*",4,0,105,525,True,True,False,True,Hardcore,True,,
Phasmophobia,mr•step,Posted: May 12,Not Recommended,777.7 hrs on record,777.7,355,3 people found this review helpful 0,"Posted: May 12
EARLY ACCESS REVIEW
This was a great game, an ""indie"" that made it big.

The last update(s) have made it virtually unplayable. The UI is virtually unusable, the performance is now a stuttery mess, and all the ""indie janky charm"" has been replaced by ""failed realism"".

700+ hours in game, and I no longer recommend it after the last update.","This was a great game, an ""indie"" that made it big. The last update(s) have made it virtually unplayable. The UI is virtually unusable, the performance is now a stuttery mess, and all the ""indie janky charm"" has been replaced by ""failed realism"". 700+ hours in game, and I no longer recommend it after the last update.",3,0,57,318,True,True,True,True,Hardcore,True,,
Phasmophobia,Grialv,Posted: May 12,Not Recommended,11.3 hrs on record,11.3,369,2 people found this review helpful 1,"Posted: May 12
EARLY ACCESS REVIEW
Weird animations, broken game, ♥♥♥♥♥♥ models replacing the golden ones. This update ♥♥♥♥♥♥ up the game and made it unplayable and unenjoyable, how does a company with a budget in the millions churn out something so unpolished and unfinished while other groups in the same boat do it fine with no questions? If I could refund, I would.","Weird animations, broken game, ♥♥♥♥♥♥ models replacing the golden ones. This update ♥♥♥♥♥♥ up the game and made it unplayable and unenjoyable, how does a company with a budget in the millions churn out something so unpolished and unfinished while other groups in the same boat do it fine with no questions? If I could refund, I would.",2,1,58,334,True,True,True,False,Casual,False,,
Phasmophobia,Biker,Posted: May 12,Not Recommended,50.0 hrs on record,50.0,114,9 people found this review helpful 1,"Posted: May 12
EARLY ACCESS REVIEW
6 years and tons of money yet they can't get this game right, Utter clown devs.","6 years and tons of money yet they can't get this game right, Utter clown devs.",9,1,16,79,False,False,False,False,Casual,False,,
Phasmophobia,Trufas,Posted: May 12,Not Recommended,101.0 hrs on record,101.0,389,11 people found this review helpful 0,"Posted: May 12
EARLY ACCESS REVIEW
Multi-million dollars studio that acts aimlessly with their golden goose, lack of consistent updates and very terrible decisions in recent times.

They killed my enjoyement of the game with the most recent animation update and their response to the community's backlash was out of touch, I'd personally advise to avoid buying the game for the time being.","Multi-million dollars studio that acts aimlessly with their golden goose, lack of consistent updates and very terrible decisions in recent times. They killed my enjoyement of the game with the most recent animation update and their response to the community's backlash was out of touch, I'd personally advise to avoid buying the game for the time being.",11,0,57,353,True,False,False,True,Veteran,True,,
Phasmophobia,Jona,Posted: May 12,Not Recommended,162.8 hrs on record,162.8,957,5 people found this review helpful 1,"Posted: May 12
EARLY ACCESS REVIEW
So were supposed to get character customization and yet we only got a bunch of random assets thrown together.
The game has been out for over a half a decade and yet it feels more and more early access as more updates gets out.
just revert back to the old update with the old characters and old maps- legit no one asked for these revamps and changes.
If you gotta put in a character customization then do it right as you promised years ago.
+ half of the time ghosts does their ""special power or interactions"" it does not prove to be the right ghost anyway due to small changes that no one knows about unless you prob read their discord.
The game was great at the point where you would go to the door in the lobby and a ghost would sneeze.
But feels like the devs does not give a "" "" about what fans and the community wants and rather just want to print out random plushies and music box merch instead of fixing their game.","So were supposed to get character customization and yet we only got a bunch of random assets thrown together. The game has been out for over a half a decade and yet it feels more and more early access as more updates gets out. just revert back to the old update with the old characters and old maps- legit no one asked for these revamps and changes. If you gotta put in a character customization then do it right as you promised years ago. + half of the time ghosts does their ""special power or interactions"" it does not prove to be the right ghost anyway due to small changes that no one knows about unless you prob read their discord. The game was great at the point where you would go to the door in the lobby and a ghost would sneeze. But feels like the devs does not give a "" "" about what fans and the community wants and rather just want to print out random plushies and music box merch instead of fixing their game.",5,1,179,922,True,False,True,True,Veteran,False,,
Phasmophobia,Milk,Posted: May 12,Not Recommended,125.5 hrs on record,125.5,915,3 people found this review helpful 0,"Posted: May 12
EARLY ACCESS REVIEW
Phas had a special jankyness that brought a little charm to the game. Only thing they ever needed to fix was loading screen bugs and ghosts not functioning properly.

The community asks for workshop or for more maps that make sense at the very least, just a few character customization options, more equipment, etc. Instead we got poop from a butt because the devs think they know better. This game has been downhill since they added the ♥♥♥♥♥♥♥ loadouts and bad way to add stuff to the truck. Quite literally the worst change to a game I've ever seen in my life. ""hey this exceedingly simple way to buy and add stuff to the truck looks a little plain, lets completely overhaul it and make it a guessing game as to what you just bought and to where it just went on the screen.""

If we got a team of 5th graders to make a roadmap for this game we truly would have a better turnout.","Phas had a special jankyness that brought a little charm to the game. Only thing they ever needed to fix was loading screen bugs and ghosts not functioning properly. The community asks for workshop or for more maps that make sense at the very least, just a few character customization options, more equipment, etc. Instead we got poop from a butt because the devs think they know better. This game has been downhill since they added the ♥♥♥♥♥♥♥ loadouts and bad way to add stuff to the truck. Quite literally the worst change to a game I've ever seen in my life. ""hey this exceedingly simple way to buy and add stuff to the truck looks a little plain, lets completely overhaul it and make it a guessing game as to what you just bought and to where it just went on the screen."" If we got a team of 5th graders to make a roadmap for this game we truly would have a better turnout.",3,0,166,878,True,True,True,True,Veteran,False,,
Phasmophobia,mylk,Posted: May 12,Not Recommended,32.7 hrs on record,32.7,2215,1 person found this review helpful 1,"Posted: May 12
EARLY ACCESS REVIEW
Super disappointed at the new update. I've been playing this game religiously with my friends before it went to buns. The 'character customization' is just a preset of character models, you can't actually customize the skin, hair, face, etc. There's barely any clothing and most of the accessories you have to purchase with in-game currency. Why even bother with customization when there's barely any options? 'We'll add more in future updates.' yeah but TWO (2) identical pair of pants? You can't even add in a skirt or even shorts? Not to mention how janky both the clothing and models interact. Makes you think, why not just add more characters to the pool instead of this half-ass 'customization' update? Oh right, they probably want to make clothing or avatar items locked behind a real paywall like skins or something.

Onto the gameplay, the animation is buns. No one asked for this. Even if they did, they weren't asking for a 5 second delay before using any item. Looking at it from another player's perspective is cool and all but having our own hands in the screen is just annoying. Even more so having the equipment shrunk to accommodate the stupid hands, I can barely read any of the equipments as is let alone having it the size of a peenar. And the journal? With the little light clip? The devs probably think it's a cute touch huh? It would've been cute if not for the journal being five feet away from your face.

Another thing that disappointed me was how the devs reacted, specifically the art director. They said, and I quote, ""The game is still plenty playable and once you get used to it, you might even forget some of the jank thats happening."" Really? This is what happens when you have devs with their heads so far up their poopoo hole, they don't care about you or the community. And I doubt he's just one of the 'bad eggs', their whole team probably thinks they can get away with this too. I won't be surprised if they pull a yanderedev with how they're 6 years in development and still in early access.

If you don't have this game and want to try it out, don't. Just go play a bootleg roblox game, it's free and probably has way less 'jank' than this.","Super disappointed at the new update. I've been playing this game religiously with my friends before it went to buns. The 'character customization' is just a preset of character models, you can't actually customize the skin, hair, face, etc. There's barely any clothing and most of the accessories you have to purchase with in-game currency. Why even bother with customization when there's barely any options? 'We'll add more in future updates.' yeah but TWO (2) identical pair of pants? You can't even add in a skirt or even shorts? Not to mention how janky both the clothing and models interact. Makes you think, why not just add more characters to the pool instead of this half-ass 'customization' update? Oh right, they probably want to make clothing or avatar items locked behind a real paywall like skins or something. Onto the gameplay, the animation is buns. No one asked for this. Even if they did, they weren't asking for a 5 second delay before using any item. Looking at it from another player's perspective is cool and all but having our own hands in the screen is just annoying. Even more so having the equipment shrunk to accommodate the stupid hands, I can barely read any of the equipments as is let alone having it the size of a peenar. And the journal? With the little light clip? The devs probably think it's a cute touch huh? It would've been cute if not for the journal being five feet away from your face. Another thing that disappointed me was how the devs reacted, specifically the art director. They said, and I quote, ""The game is still plenty playable and once you get used to it, you might even forget some of the jank thats happening."" Really? This is what happens when you have devs with their heads so far up their poopoo hole, they don't care about you or the community. And I doubt he's just one of the 'bad eggs', their whole team probably thinks they can get away with this too. I won't be surprised if they pull a yanderedev with how they're 6 years in development and still in early access. If you don't have this game and want to try it out, don't. Just go play a bootleg roblox game, it's free and probably has way less 'jank' than this.",0,1,393,2177,True,True,True,False,Casual,True,,
