game_title,author_name,author_steamid_norm,recommendation_id_norm,review_date,recommendation,playtime_raw,playtime_hours,playtime_segment,helpful_count,funny_count,weighted_vote_score,comment_count,language,steam_purchase,received_for_free,written_during_early_access,analysis_review,word_count,char_count,log_playtime,is_veteran,contains_update_keyword,contains_bug_or_degradation,contains_positive_emotion,contains_negative_emotion,is_mourning,is_low_information,is_soft_mismatch_candidate
Phasmophobia,Mr. Pickle,,,Posted: 13 June,Recommended,311.7 hrs on record,311.7,Hardcore,0,0,,,,,,,"I should preface this review by saying that I’ve only been playing this game for the past year or so, so whilst there are a considerable number of players who have a legitimate gripe about this game being stuck in early-access Hell, I can’t count myself amongst them, although that being said, I do see their side of things. If you love ghost hunting or just the paranormal in general, this game is for you. And for those that aren’t, don’t worry; it’s a great game to play with friends, especially if you’re looking for something spooky, on the cheaper side, and with great replayability. Recent updates have been… janky to say the least, and there are inconsistencies with the mechanics that do need addressing. However, the team behind it is actively adding new updates/events pretty consistently, so some turbulence is to be expected. The new character model system has been especially devicive, but don’t let that put you off; as long as you’re not expecting in-depth character customization, you should be fine. At the end of the day, for £16, I feel I’ve gotten way more than my money’s worth out of it and will continue to do so. I hope you do too!",205,1156,5.745244264463795,True,True,True,True,False,False,False,True
Phasmophobia,,76561198400081632,227834705,2026-06-13,Not Recommended,238.7 hrs on record,238.7,Veteran,1,0,0.5,0.0,english,True,False,True,"This game was super super fun. Not a fan AT ALL of the customization update so far. The animations are way worse now for everything, character models barely got more customization. Super fun game if you can ignore all the new changes they made. If they went back to what they used to have or fix this my rating would go wayyyy up.",63,330,5.479388141440339,True,True,False,True,False,True,False,False
Phasmophobia,,76561199403558560,227834473,2026-06-13,Recommended,46.1 hrs on record,46.1,Casual,0,0,0.5,0.0,english,True,False,True,harb is a bum,4,13,3.8522730010223722,False,False,False,False,False,False,True,False
Phasmophobia,,76561198374007568,227834122,2026-06-13,Not Recommended,32.6 hrs on record,32.6,Casual,1,0,0.5,0.0,english,True,False,True,"Dude this new update broke my mind. My computer can't even run the game anymore. I had to do a major update that was 3 gigs. no my game wont load, ctds all the time, and when i do get to play its full of stuttering and rubber banding.",49,234,3.5145260669691587,False,True,True,False,False,False,False,False
Phasmophobia,,76561199566028352,227833857,2026-06-13,Recommended,18.5 hrs on record,18.5,Casual,0,0,0.5,0.0,english,False,False,True,good game. but i don't like the controls for keyboard and mouse nor for controller and the Alan wake update ruined VR in a worse way by making my body fold in game making it impossible to reach my belt anymore.,41,210,2.970414465569701,False,True,False,True,True,False,False,True
Phasmophobia,,76561198066866400,227833793,2026-06-13,Recommended,800.7 hrs on record,800.7,Hardcore,0,0,0.5,0.0,english,True,False,True,"Quite good and engaging. It has become a weekly ritual to hang out with friends and seek some spooks. Such a fun premise, and I quite enjoy the new update. Some charming bugs, but usually nothing game breaking. I really am looking forward to what comes next.",47,258,6.686734473048906,True,True,True,True,False,False,False,True
Phasmophobia,,76561199036405824,227832751,2026-06-13,Recommended,27.8 hrs on record,27.8,Casual,0,0,0.5,0.0,english,True,False,True,BOOOOOO,1,7,3.3603753871419,False,False,False,False,False,False,True,False
Phasmophobia,,76561198329544688,227831919,2026-06-13,Not Recommended,12.8 hrs on record,12.8,Casual,0,0,0.4761904776096343,0.0,english,True,False,True,boring ass game but its funny to hear my friends cry in fear,13,60,2.624668592163159,False,False,False,True,True,False,False,False
Phasmophobia,,76561198015338768,227830360,2026-06-13,Not Recommended,236.4 hrs on record,236.4,Veteran,1,0,0.5,0.0,english,True,False,True,Was a great game until the latest update. Horrible animations and the hand gesture feature is awfully tacky. Expected much more from a game I very much enjoyed,28,159,5.469746482175568,True,True,False,True,True,False,False,False
Phasmophobia,,76561198758662400,227830178,2026-06-13,Recommended,15.7 hrs on record,15.7,Casual,0,0,0.5,0.0,english,True,False,True,i like this game but it is very hard,9,36,2.8154087194227095,False,False,False,False,False,False,False,False
Phasmophobia,,76561199442916672,227829826,2026-06-13,Not Recommended,930.5 hrs on record,930.5,Hardcore,1,0,0.5238095521926879,0.0,english,False,False,True,"The character update sucks ngl, and the animations are lwk buns too",12,67,6.836796190041643,True,True,False,False,False,False,False,False
Phasmophobia,,76561198174203072,227829134,2026-06-13,Recommended,93.8 hrs on record,93.8,Regular,0,0,0.5,0.0,english,True,False,True,"It's a little janky but I think sometimes with games like these, that's what makes them extra fun. I like that when you look up your character breaks their back and that animations are stupid looking. It wouldn't be funny if it was hyper-realistic. That said, it's not really a horror game unless you're scared easily, it's mostly just funny haha time. It's not really a game I play alone much but when I have a friend, we can have fun for hours. Do I wish there were more variety in ghost appearances? Yeah. I wish some of them were less predictable - mimic for example is probably the coolest ghost and I think it would be cooler if they could mimic other ghosts more instead of just also showing orbs. Having more unique traits like the banshee's cry or the wraith's salt aversion would be very cool. Hopefully these things will come in the future. I appreciate that the devs seem dedicated to updating this game and making it better instead of just abandoning it and trying to launch a phasmo 2.",183,999,4.551769409260976,False,True,True,True,False,False,False,True
Phasmophobia,,76561198997045296,227828662,2026-06-13,Recommended,8.1 hrs on record,8.1,New,0,0,0.5,0.0,english,False,False,True,"light work, no reaction",4,23,2.2082744135228043,False,False,False,False,False,False,True,False
Phasmophobia,,76561198192294624,227827822,2026-06-13,Not Recommended,19.4 hrs on record,19.4,Casual,1,0,0.5238095521926879,0.0,english,True,False,True,Slop,1,4,3.0155349008501706,False,False,False,False,False,False,True,False
Phasmophobia,,76561198122332992,227827403,2026-06-13,Not Recommended,12.9 hrs on record,12.9,Casual,0,0,0.4761904776096343,0.0,english,False,True,True,Its fun if you have friends most people are lame af and kick you right away,16,75,2.631888840136646,False,False,False,True,False,False,False,False
Phasmophobia,,76561199496073328,227825847,2026-06-13,Recommended,99.0 hrs on record,99.0,Regular,0,0,0.5,0.0,english,True,False,True,This game is good,4,17,4.605170185988092,False,False,False,True,False,False,True,False
Phasmophobia,,76561198866896560,227825328,2026-06-13,Recommended,32.1 hrs on record,32.1,Casual,0,0,0.5,0.0,english,False,True,True,is scary,2,8,3.4995332823830174,False,False,False,True,False,False,True,False
Phasmophobia,,76561198218086992,227824763,2026-06-13,Recommended,23.6 hrs on record,23.6,Casual,0,0,0.5,0.0,english,True,False,True,Not good at the game = I think the game is bad,12,46,3.202746442938317,False,False,False,True,True,False,False,True
Phasmophobia,,76561199870021200,227824326,2026-06-13,Recommended,37.1 hrs on record,37.1,Casual,0,0,0.5,0.0,english,True,False,True,it is fun but scary at the same time its also better to play with friends for a good time while playing and the game ahs good graphics and is really good overall thank you. bye bye,37,180,3.6402142821326553,False,False,False,True,False,False,False,False
Phasmophobia,,76561199522537344,227823333,2026-06-13,Recommended,45.4 hrs on record,45.4,Casual,0,0,0.5,0.0,english,False,False,True,"Horror aspect not there. What is this game like? 3 evidence ""I GOT THE GHOST"" But its a mimic and you want to destroy everything Expect a fun time no, Ghost said I hate you and killed you at 80% sanity. Want in-game money look away. YOU WILL LOSE IT ALL!!!!! I have ragged quit this game more then Rainbow 6 But still a 10/10 game YOU REALLY SHOULD JUST THE FUN",72,361,3.8372994592322094,False,False,False,True,True,False,False,True
Phasmophobia,,76561199208598032,227822293,2026-06-13,Recommended,4.0 hrs on record,4.0,New,0,0,0.5,0.0,english,True,False,True,pretty cool,2,11,1.6094379124341003,False,False,False,False,False,False,True,False
Phasmophobia,,76561198285683856,227820973,2026-06-13,Not Recommended,63.6 hrs on record,63.6,Regular,2,0,0.5238095521926879,0.0,english,True,False,True,Wtf happened to this game? On release this had the most simple but effective UI. It has gotten worse with every update since then. WTF is this 2 handed thing?? The equipment manager is not intuitive at all. Did this dev start vibe coding or what? Why change systems that noone complained about??,53,295,4.168214410788556,False,True,False,False,False,False,False,False
Phasmophobia,,76561198979165344,227820484,2026-06-13,Recommended,20.2 hrs on record,20.2,Casual,0,0,0.5,0.0,english,True,False,True,.,1,1,3.054001181677967,False,False,False,False,False,False,True,False
Phasmophobia,,76561198842619600,227819119,2026-06-13,Recommended,29.1 hrs on record,29.1,Casual,0,0,0.5,0.0,english,True,False,True,its a fun game to play with your friends,9,40,3.40452517175483,False,False,False,True,False,False,False,False
Phasmophobia,,76561198000737360,227817837,2026-06-13,Recommended,19.7 hrs on record,19.7,Casual,0,0,0.5,0.0,english,True,False,True,Spooky ghosts be everywhere.,4,28,3.0301337002713233,False,False,False,False,False,False,True,False
Phasmophobia,,76561199239124048,227816639,2026-06-13,Recommended,3.6 hrs on record,3.6,New,0,0,0.5,0.0,english,True,False,True,the only thing i was certain was the what ever it was it wanted me gone 10/10,17,77,1.5260563034950492,False,False,False,False,False,False,False,False
Phasmophobia,,76561199216202208,227816599,2026-06-13,Recommended,53.0 hrs on record,53.0,Regular,0,0,0.5,0.0,english,True,False,True,GOODDDDDDDDDDDDDDDDDDDDDDDDDDDDDDDDDDDDDDDDDDDDDDDDDDDDDDDDDDDDDDDDDDDDDDDDDDDDDDDDDDDDDDDDDDDDDDDDDDDDDDDDDDDDDDDDDDDDDDDDDDDDDDDDDDDDDDDDDDDDDDDDDDDDDDDDDDDDDDDDDDDDDDDDDDDDDDDDDDDDDDDDDDDDDDDDDDDDDDDDDDDDDDDDDDDDDDD,1,218,3.9889840465642745,False,False,False,True,False,False,True,False
Phasmophobia,,76561199381155904,227816260,2026-06-13,Recommended,97.0 hrs on record,97.0,Regular,0,0,0.5,0.0,english,False,False,True,good,1,4,4.584967478670572,False,False,False,True,False,False,True,False
Phasmophobia,,76561199382593712,227815979,2026-06-13,Not Recommended,23.8 hrs on record,23.8,Casual,0,0,0.5,0.0,english,True,False,True,No,1,2,3.2108436531709366,False,False,False,False,False,False,True,False
Phasmophobia,,76561198112171712,227812944,2026-06-13,Not Recommended,356.2 hrs on record,356.2,Hardcore,2,0,0.5454545617103576,0.0,english,True,False,True,"The new update has ruined this game for me. Equipment is hard to read and the voicebox doesn't seem to work half the time. The characters were charmingly silly in their movements, now they look really creepy. I have enjoyed most of the events in the game and additions/updates but this most recent one has caused me to stop playing altogether.",61,343,5.878295849002344,True,True,False,True,True,False,False,False
Phasmophobia,,76561199377446992,227812061,2026-06-13,Recommended,54.6 hrs on record,54.6,Regular,0,0,0.5,0.0,english,True,False,True,fajna pzdr,2,10,4.018183201256536,False,False,False,False,False,False,True,False
Phasmophobia,,76561198415036720,227812053,2026-06-13,Recommended,43.9 hrs on record,43.9,Casual,0,0,0.5,0.0,english,True,False,True,"""I wonder if its a deogen"" famous last words",9,44,3.8044377947482086,False,False,False,False,False,False,False,False
Phasmophobia,,76561198880132864,227811136,2026-06-13,Not Recommended,168.6 hrs on record,168.6,Veteran,1,0,0.5161290168762207,0.0,english,True,False,True,"I love this game, but this new update is bad. I’m not talking about the new customization (I’m fine with it). I’m talking about how clunky everything feels now. There are animations when switching items, it looks cooler, but it makes gameplay feel extremely sluggish. This includes opening the journal, which has an animation and is also zoomed out for some reason. I miss how you could switch between items and open the journal super quickly, it made the game feel smooth to play. I still think this is a great game, but I’m not switching my “not recommended” review until they fix these things (or at least add a setting to disable them). I have faith in these devs to do what is right for the game.",128,701,5.133442723357803,True,True,True,True,True,False,False,False
Phasmophobia,,76561199309578048,227811069,2026-06-13,Recommended,15.3 hrs on record,15.3,Casual,0,0,0.5,0.0,english,True,False,True,best,1,4,2.791165107812717,False,False,False,True,False,False,True,False
Phasmophobia,,76561198810888864,227807252,2026-06-13,Not Recommended,153.9 hrs on record,153.9,Veteran,4,0,0.5540540814399719,0.0,english,True,False,True,"Because of the new updates, the game has become very baggy, and it’s become uncomfortable to play. I can use Incense but they don't work because of the new animations, and the cursed items disappear under the floor. The new hand animations are very slow and laggy, it feels like updates were designed for VR players, not for those who play with a keyboard (which is most of us) P.s. And yeah, I also have VR but I prefer to play with keyboard and mouse cuz it's more comfortable way to play on Insane difficulty",95,511,5.042779747422823,True,True,True,False,False,False,False,False
Phasmophobia,,76561199083335600,227805896,2026-06-13,Not Recommended,6.0 hrs on record,6.0,New,1,0,0.5161290168762207,0.0,english,True,False,True,"too lagy, too big, somehow always crashes, too slow. good game, but i have a bad pc",17,83,1.9459101490553132,False,False,True,True,True,False,False,False
Phasmophobia,,76561199526078624,227805836,2026-06-13,Recommended,174.4 hrs on record,174.4,Veteran,0,0,0.5,0.0,english,True,False,True,i love this game i got killed by a ♥♥♥♥♥♥♥ deo and i slamed my desk and it broke 10/10 recommended if u wanna kill ur self,27,122,5.1670690799380825,True,False,False,True,False,False,False,False
Phasmophobia,,76561199527186192,227805193,2026-06-13,Recommended,3.6 hrs on record,3.6,New,0,0,0.5,0.0,english,True,False,True,sc ary ghost :steamscared,4,25,1.5260563034950492,False,False,False,False,False,False,True,False
Phasmophobia,,76561199596992032,227804742,2026-06-13,Recommended,20.0 hrs on record,20.0,Casual,0,0,0.5,0.0,english,True,False,True,sooo good to play with friendsw,6,31,3.044522437723423,False,False,False,True,False,False,False,False
Phasmophobia,,76561199528368592,227804440,2026-06-13,Recommended,5.2 hrs on record,5.2,New,0,0,0.5,0.0,english,True,False,True,dadgom spooky,2,13,1.824549292051046,False,False,False,False,False,False,True,False
Phasmophobia,,76561198113285872,227804399,2026-06-13,Not Recommended,180.2 hrs on record,180.2,Veteran,1,0,0.5238095521926879,0.0,english,False,False,True,"Was fun at first but honestly got worse overtime, It feels like the developers are just holding the game hostage from the potential it once had. They went with a ductape/playful UI theme over a cool fanmade creepy themed concept UI posted on reddit a long time ago. They went with limited time events/twitch drops over spending more time on meaningful content updates. They went for a console release to delay every meaningful update rather than to finish the game first. Shipped low quality updates with a literal Star Wars text intro amount of bugs to just to meet a collab deadline. Mind you this game has been in early access for years and has earned millions, there is simply no excuse at this point lol",126,708,5.199601393608879,True,True,True,True,False,False,False,False
Phasmophobia,,76561198255997264,227803858,2026-06-13,Recommended,9.3 hrs on record,9.3,New,0,0,0.5,0.0,english,False,False,True,a great fun scary game to play with your friends,10,48,2.33214389523559,False,False,False,True,False,False,False,False
Phasmophobia,,76561199524682016,227803721,2026-06-13,Not Recommended,87.9 hrs on record,87.9,Regular,0,0,0.5,0.0,english,False,False,True,New update is awful. I hate new characters design. They are ugly,12,64,4.487512142519859,False,True,False,False,True,False,False,False
Phasmophobia,,76561198342178992,227803122,2026-06-13,Recommended,3.8 hrs on record,3.8,New,0,0,0.5,0.0,english,True,False,True,fun,1,3,1.5686159179138452,False,False,False,True,False,False,True,False
Phasmophobia,,76561199817910736,227799332,2026-06-12,Recommended,58.5 hrs on record,58.5,Regular,0,0,0.5,0.0,english,True,False,True,♥♥♥♥♥ my ♥♥♥♥♥,3,14,4.085976312551584,False,False,False,False,False,False,True,False
Phasmophobia,,76561197973976864,227798266,2026-06-12,Not Recommended,652.9 hrs on record,652.9,Hardcore,0,0,0.5,0.0,english,True,False,True,"I still have not let Steam update Phasmo to the latest horrible Alan Wake mess, that's why I think it's still good.",22,115,6.4829544345672305,True,True,False,True,True,False,False,False
Phasmophobia,,76561199408413440,227798144,2026-06-12,Recommended,5.8 hrs on record,5.8,New,0,0,0.5,0.0,english,True,False,True,sonion,1,6,1.916922612182061,False,False,False,False,False,False,True,False
Phasmophobia,,76561198693657984,227797481,2026-06-12,Recommended,5.2 hrs on record,5.2,New,0,0,0.5,0.0,english,True,False,True,best game ever,3,14,1.824549292051046,False,False,False,True,False,False,True,False
Phasmophobia,,76561199824306272,227796411,2026-06-12,Recommended,10.5 hrs on record,10.5,Casual,0,0,0.5,0.0,english,True,False,True,10/10 so much fun type ♥♥♥♥,6,27,2.4423470353692043,False,False,False,True,False,False,False,False
Phasmophobia,,76561199841730624,227792368,2026-06-12,Recommended,19.9 hrs on record,19.9,Casual,0,1,0.5,0.0,english,True,False,True,best horror co op game,5,22,3.039749158970765,False,False,False,True,False,False,True,False
Phasmophobia,,76561198758381232,227792054,2026-06-12,Recommended,39.1 hrs on record,39.1,Casual,0,0,0.5,0.0,english,True,False,True,The game is fun just a bit buggy but still pretty good.,12,55,3.6913763343125234,False,False,True,True,False,False,False,True
Phasmophobia,,76561199094500592,227790813,2026-06-12,Recommended,107.3 hrs on record,107.3,Veteran,0,1,0.5,0.0,english,True,False,True,best game,2,9,4.684905154006945,True,False,False,True,False,False,True,False
Phasmophobia,,76561198133988976,227790569,2026-06-12,Recommended,66.0 hrs on record,66.0,Regular,0,0,0.5,0.0,english,True,False,True,"Old Phas - 8.5/10 New Phas- 6.5/10 A pioneer in it's genre with many clones released as a result. Was very fun at launch and would easily make you feel uneasy thinking there's ghosts in your house, and is insane in VR, but lost me around 2022. I enjoy watching it on YouTube more than playing it these days. So many different items to learn and way too many ghost types, you have to memorize a textbook and no-life grind it to learn all the traits and you'll likely get your neck snapped 300 times before you get there. 90% of the time you'll get 2 pieces of evidence and just sit there waiting until the 3rd one appears after half the team is already dead. The most recent new animation update isn't too bad and it seems like the economy was improved a bit but I enjoy going back and playing the early versions from SteamDB more. Trolling around in lobbies is more entertaining than the base game, that is, if you can find a lobby that's not a boosting lobby. If you've never played it before you'll probably enjoy it still though.",194,1032,4.204692619390966,False,True,False,True,True,False,False,True
Phasmophobia,,76561199646585456,227788530,2026-06-12,Recommended,30.4 hrs on record,30.4,Casual,0,0,0.5,0.0,english,True,False,True,scary?,1,6,3.4468078929142076,False,False,False,True,False,False,True,False
Phasmophobia,,76561198398767696,227784916,2026-06-12,Not Recommended,5.0 hrs on record,5.0,New,1,0,0.5,0.0,english,True,False,True,"If you want an example of a negative review for Phasmophobia, you could write something like: Phasmophobia has an interesting concept, but after a few hours the gameplay becomes repetitive. Most investigations feel very similar, and collecting evidence can turn into a slow routine rather than a tense horror experience. The ghost AI can sometimes feel inconsistent, making deaths seem unfair rather than scary. The voice recognition feature is a cool idea, but it doesn't always work reliably for every player. While the game is fun with friends, playing solo can feel tedious, and the amount of content may not justify the long grind for progression. Overall, it has some great moments, but it can become boring and frustrating over time. This is just an example opinion, not an objective assessment.",131,802,1.791759469228055,False,False,False,True,True,False,False,False
Phasmophobia,,76561198691615776,227784106,2026-06-12,Recommended,5.1 hrs on record,5.1,New,0,0,0.4977664649486541,0.0,english,True,False,True,its fun and i wish people on playstation dont have to get playstation plus just to play with anyone on multiplayer.,21,115,1.8082887711792655,False,False,False,True,False,False,False,False
Phasmophobia,,76561199609578944,227783333,2026-06-12,Recommended,3.7 hrs on record,3.7,New,0,1,0.4977664649486541,0.0,english,True,False,True,good game,2,9,1.547562508716013,False,False,False,True,False,False,True,False
Phasmophobia,,76561198855708576,227782728,2026-06-12,Recommended,12.4 hrs on record,12.4,Casual,0,1,0.4977664649486541,0.0,english,True,False,True,I love this game,4,16,2.5952547069568657,False,False,False,True,False,False,True,False
Phasmophobia,,76561199198316960,227780241,2026-06-12,Recommended,10.1 hrs on record,10.1,Casual,0,0,0.4977664649486541,0.0,english,True,False,True,good,1,4,2.4069451083182885,False,False,False,True,False,False,True,False
Phasmophobia,,76561198107919936,227779799,2026-06-12,Not Recommended,5.4 hrs on record,5.4,New,1,0,0.5,0.0,english,False,False,True,this game suck,3,14,1.8562979903656263,False,False,False,False,False,False,True,False
Phasmophobia,,76561199542208640,227779204,2026-06-12,Recommended,21.3 hrs on record,21.3,Casual,0,0,0.5,0.0,english,True,False,True,dont get high off sanity juice I woke up covered in ectoplasm,12,61,3.104586678466073,False,False,False,False,False,False,False,False
Phasmophobia,,76561198377740432,227776996,2026-06-12,Recommended,56.8 hrs on record,56.8,Regular,0,0,0.5,0.0,english,True,False,True,lowk a good game,4,16,4.056988775678332,False,False,False,True,False,False,True,False
Phasmophobia,,76561198293736576,227775926,2026-06-12,Not Recommended,38.5 hrs on record,38.5,Casual,1,1,0.5,0.0,english,True,False,True,"This new update is terrible, makes me miss the old Phasmo from 2021. UI is overbearing, Characters are ugly now, and alot of core features are broken.",27,150,3.676300671907076,False,True,True,False,True,True,False,False
Phasmophobia,,76561199521587984,227775798,2026-06-12,Recommended,14.0 hrs on record,14.0,Casual,0,0,0.5,0.0,english,True,False,True,.,1,1,2.70805020110221,False,False,False,False,False,False,True,False
Phasmophobia,,76561198829143664,227772970,2026-06-12,Recommended,41.1 hrs on record,41.1,Casual,1,0,0.52173912525177,0.0,english,True,False,True,this game makes me afraid of ghosts. It's like i have Phasmophobia,12,66,3.7400477406883357,False,False,False,False,False,False,False,False
Phasmophobia,,76561199273830048,227771484,2026-06-12,Recommended,35.4 hrs on record,35.4,Casual,0,0,0.5,0.0,english,True,False,True,Im scare ghost. Really feels real.,6,34,3.594568774642695,False,False,False,False,False,False,False,False
Phasmophobia,,76561197985949600,227771287,2026-06-12,Recommended,48.0 hrs on record,48.0,Casual,0,0,0.5,0.0,english,True,False,True,fun,1,3,3.8918202981106265,False,False,False,True,False,False,True,False
Phasmophobia,,76561198843380944,227770454,2026-06-12,Recommended,3.0 hrs on record,3.0,New,0,0,0.5,0.0,english,True,False,True,"""SAAAM""-Dean Winchester",2,23,1.3862943611198906,False,False,False,False,False,False,True,False
Phasmophobia,,76561198067895152,227768068,2026-06-12,Not Recommended,208.2 hrs on record,208.2,Veteran,2,0,0.5,0.0,english,True,False,True,"As someone who has put 200+ hours into this game, and someone who has played since the game first released, I can honestly say the game has gone downhill so much lately. The ""customization"" update that has been being teased for so long, is so barebones and lackluster in any sort of customization it makes me wonder why they even bothered. The animations are SO janky and broken now it makes the game unplayable. There are so many bugs (I.E. randomly getting disconnected from a game) that have somehow managed to persist through countless hotfixes, but the devs seem to have PLENTLY of time to work on nonsense collabs (Looking at you Allan Wake.) I genuinely loved playing this game and it was a top 3 for my friend group, but in its current state I cant be bothered with it. I hope the devs find a way to turn this game around because if they dont make some SERIOUS changes soon, this might be the final nail in the coffin.",171,926,5.343290732190768,True,True,True,True,True,True,False,False
Phasmophobia,,76561198218925664,227767199,2026-06-12,Recommended,5.0 hrs on record,5.0,New,0,0,0.5,0.0,english,True,False,True,"Phasmophobia is exactly the kind of ghost-hunting chaos I want. The problem is that I have no friends to play it with. Which is rude, because this game is clearly built for group panic. I want to walk into a haunted house with a flashlight, a dream, and the confidence of someone who has watched way too much Sam and Colby. I want to ask ghosts disrespectful questions, immediately regret it, and then scream because something moved in the kitchen. The whole setup is so good. You gather evidence, use equipment, watch for signs, try to figure out what kind of ghost you are dealing with, and then attempt to leave before it turns your investigation into a funeral announcement. It is creepy, funny, stressful, and so much better when everyone is panicking together. One person is trying to be serious. One person is already hiding in the van. One person is yelling the ghost’s name like they have never heard of consequences. That is the dream. Even without a full group, I still love the idea of it. The atmosphere is tense, the ghost mechanics are fun, and every investigation feels like it could go from “we are professionals” to “absolutely not, goodbye” in half a second. Phasmophobia lets me live my Sam and Colby dreams, or at least it would if my friends would get their lives together and play with me. Until then, I am just standing outside the haunted house with equipment, trust issues, and no backup.",251,1414,1.791759469228055,False,False,True,True,True,False,False,True
Phasmophobia,,76561199389780928,227767173,2026-06-12,Recommended,43.4 hrs on record,43.4,Casual,0,0,0.5,0.0,english,True,False,True,great game,2,10,3.7932394694381792,False,False,False,True,False,False,True,False
Phasmophobia,,76561198984614416,227766781,2026-06-12,Recommended,16.4 hrs on record,16.4,Casual,0,0,0.5,0.0,english,True,False,True,"ooooooo Scary, but fun (play with friends) mine done :(",10,55,2.856470206220483,False,False,False,True,False,False,False,False
Phasmophobia,,76561198398728592,227766063,2026-06-12,Recommended,125.9 hrs on record,125.9,Veteran,0,0,0.5,0.0,english,True,False,True,scary fun,2,9,4.843399374720342,True,False,False,True,False,False,True,False
Phasmophobia,,76561199364863824,227765664,2026-06-12,Not Recommended,147.9 hrs on record,147.9,Veteran,3,0,0.52173912525177,0.0,english,True,False,True,"I've had some great times with this game but it seems that there are more bugs than ever in this game. I've most notably had consistent issues with incense or smudge sticks just not working at all. The new ""immersive animations"" make this game feel a lot clunkier, slower, and overall just less responsive to input than ever before. I missed when this game was just a simple and fun game to come to when you just wanted to have fun, but the decisions in what to implement into this game have led this game off a cliff.",98,518,5.003274939689963,True,True,True,True,False,False,False,False
Phasmophobia,,76561198867791488,227761759,2026-06-12,Recommended,165.4 hrs on record,165.4,Veteran,0,0,0.5,0.0,english,False,False,True,"I really like the game! It is thrilling and a fun co-op game but recently the game is very buggy and I would like it to be fixed so I can play happily and properly! Overall, I still recommend the game despite its flaws!",44,219,5.114394528387108,True,False,True,True,False,False,False,True
Phasmophobia,,76561198086958448,227760190,2026-06-12,Not Recommended,465.0 hrs on record,465.0,Hardcore,4,2,0.5473250746726989,0.0,english,True,False,True,Can honestly say that since the character update. The game has gone downhill. I use to love playing this game every day with my friend and now it's just whenever we feel like playing it now. When events start and end. Kinetic doesn't remove all the event effects and details. You can see visuals still from previous events. Took them awhile just to get rid of the Easter visuals just before the Alan wake event and event that one was just bland and boring with no lobby trophy for completing it. When you hold a flashlight in the other hand you just look stupid holding it with the bone breaking physics. Why get rid of the shoulder light when having a flashlight in your inventory? Makes absolutely no sense to be holding it arm completely extended forward and in your view. Spirit box doesn't pick up your microphone that well now. Prior to character update. It always picked up my voice. After the update it hardly picks it up to the point I am yelling or having to turn my gain all the way up. Fix your game kinetic.,189,1020,6.144185634125646,True,True,False,True,True,True,False,False
Phasmophobia,,76561198403421696,227759475,2026-06-12,Recommended,124.7 hrs on record,124.7,Veteran,0,0,0.5,0.0,english,False,False,True,it was good before new update sucks make settings to change things back to original,15,83,4.8338981155962015,True,True,False,True,False,False,False,True
Phasmophobia,,76561198272627952,227759442,2026-06-12,Recommended,68.0 hrs on record,68.0,Regular,0,1,0.5,0.0,english,True,False,True,"fun game, also writing this at 67 hours, 6 7",10,44,4.23410650459726,False,False,False,True,False,False,False,False
Phasmophobia,,76561198136450896,227758683,2026-06-12,Recommended,7.0 hrs on record,7.0,New,0,0,0.5,0.0,english,True,False,True,pretty fun with friends i weirdly help when i can as i don't want to become uber sweats like them but alas my poor soul seems to always be the first to meet my demise all woe is me poor me *tear 10/10 would recommend getting singled out by ghosts and being unalived to the spirit realm post haste.,59,297,2.0794415416798357,False,False,False,True,False,False,False,False
Phasmophobia,,76561199072124304,227757464,2026-06-12,Not Recommended,161.6 hrs on record,161.6,Veteran,3,0,0.532710313796997,0.0,english,True,False,True,"Please PLEASE Revert the update, it isn't fun and the list of bugs is way too many... The animations are not fun, if anything they can get you killed, it takes too long to shift through your items. The extra time is not needed, I understand and respect that you guys wanted change, and i'm sure you all worked many many hours for it, but for the gaming side of it, it just is not fun. I miss old phasmo... I can't recommend this game, not right now at least. If something good happens though I will change my review.",100,516,5.0912931971137105,True,True,True,True,False,True,False,False
Phasmophobia,,76561199178886464,227756979,2026-06-12,Recommended,12.9 hrs on record,12.9,Casual,0,0,0.5,0.0,english,True,False,True,I would recommend this game to others. I recommend this game.,11,61,2.631888840136646,False,False,False,True,False,False,False,False
Phasmophobia,,76561198402689120,227756447,2026-06-12,Recommended,66.6 hrs on record,66.6,Regular,0,0,0.5,0.0,english,True,False,True,I've literally played this game for 66.6 hours. Thats on theme for this game. I'm sad that the next time I play it will roll over but just know this game is incredibly fun and challenging + the community is like no other. I've made several friends just playing this game in public lobbies. ENJOY!,55,296,4.213607983048918,False,False,False,True,True,False,False,True
Phasmophobia,,76561199380924048,227756307,2026-06-12,Recommended,67.4 hrs on record,67.4,Regular,0,0,0.5,0.0,english,False,False,True,stole my soul,3,13,4.225372824628505,False,False,False,False,False,False,True,False
Phasmophobia,,76561199658623552,227756267,2026-06-12,Recommended,134.1 hrs on record,134.1,Veteran,0,0,0.5,0.0,english,False,False,True,fun game... I recommend,4,23,4.906015244966153,True,False,False,True,False,False,True,False
Phasmophobia,,76561198256928320,227756217,2026-06-12,Not Recommended,196.8 hrs on record,196.8,Veteran,3,0,0.532710313796997,0.0,english,True,False,True,"this game should've taken place in a jungle, to reflect just how many bugs the game currently has. the player animations disaster was bad enough already, having to deal with the unholy amount of bugs that came with the update is just too much. so, don't buy this game unless you're willing to put up with ""unintended behaviors"" honestly, it would be very nice if they allowed us to play a version of the game before this update. or, even better but hella unlikely, modding/workshop support. to me, phasmo is a puzzle game, figuring out the ghost on 1 or no evidence is very fun. hate to leave a negative review on this game, but for now, use that money to buy monster hunter or something. valv- kinetic games, pls fix.",131,718,5.287256419188612,True,True,True,True,True,False,False,False
Phasmophobia,,76561198757526208,227754997,2026-06-12,Recommended,1.7 hrs on record,1.7,New,0,0,0.5,0.0,english,True,False,True,its scary,2,9,0.9932517730102833,False,False,False,True,False,False,True,False
Phasmophobia,,76561199183110864,227753813,2026-06-12,Recommended,16.6 hrs on record,16.6,Casual,0,0,0.5,0.0,english,True,False,True,Amazing game and fun to play with friends,8,41,2.8678989020441064,False,False,False,True,False,False,False,False
Phasmophobia,,76561199672236464,227753731,2026-06-12,Recommended,12.1 hrs on record,12.1,Casual,0,0,0.5,0.0,english,True,False,True,its good,2,8,2.5726122302071057,False,False,False,True,False,False,True,False
Phasmophobia,,76561199697869648,227751993,2026-06-12,Recommended,26.6 hrs on record,26.6,Casual,0,0,0.5,3.0,english,False,False,True,fent folding ghost killed my hb,6,31,3.3178157727231046,False,False,False,False,False,False,False,False
Phasmophobia,,76561199889342448,227751268,2026-06-12,Recommended,35.2 hrs on record,35.2,Casual,0,0,0.5,0.0,english,True,False,True,Psychological mind F love it!,5,29,3.5890591188317256,False,False,False,True,False,False,True,False
Phasmophobia,,76561198294502096,227751105,2026-06-12,Recommended,1.8 hrs on record,1.8,New,0,0,0.5,0.0,english,True,False,True,le spook.,2,9,1.0296194171811581,False,False,False,False,False,False,True,False
Phasmophobia,,76561199117331408,227748954,2026-06-12,Not Recommended,118.8 hrs on record,118.8,Veteran,2,0,0.5098039507865905,0.0,english,True,False,True,"Its a good game at all but the newest updates are very bad. Why would they change that much the maps. I am talking about 6 tanglewood drive, its was such a good map and now is trash. The game atmosphere was sooo much scarier before now its childs play",50,251,4.785823685681349,True,True,False,True,True,False,False,False
Phasmophobia,,76561198087068896,227748774,2026-06-12,Not Recommended,5.5 hrs on record,5.5,New,2,0,0.4910714328289031,0.0,english,True,False,True,Worst slop ive ever played holy boring ass game Name simulator say the ghost name maybe 100 times and something will finally happen. keep this game in early access don't release this dog piss game,35,196,1.8718021769015913,False,False,False,False,True,False,False,False
Phasmophobia,,76561199000022544,227748761,2026-06-12,Not Recommended,115.1 hrs on record,115.1,Veteran,1,0,0.5,0.0,english,True,False,True,BROO WHY YOU CHANGED THE FIRST MAP IT WAS GOATED NOW IT LOOKS LIKE ITS MY GRANDMA'S,17,83,4.754451888703846,True,True,False,False,False,False,False,False
Phasmophobia,,76561198970875664,227746963,2026-06-12,Recommended,10.1 hrs on record,10.1,Casual,0,0,0.5,1.0,english,True,False,True,FUN AND SCARY,3,13,2.4069451083182885,False,False,False,True,False,False,True,False
Phasmophobia,,76561198291753120,227745761,2026-06-12,Recommended,21.4 hrs on record,21.4,Casual,0,0,0.5,0.0,english,True,False,True,Our professional ghost hunting team can take on an infestation of any level. Especially if it is the mimic. I have a special can of salt with his name on it.,31,157,3.109060958860994,False,False,False,False,False,False,False,False
Phasmophobia,,76561198708357344,227745702,2026-06-12,Recommended,48.5 hrs on record,48.5,Casual,0,0,0.5,0.0,english,True,False,True,"Still slaps to this day,yes some customization sucks but remember you play this for the plot so stick to that and you will be satisfied with your purchase. Also works with low spec PC's pretty surprisingly aswell,not incredibly optimized but exceptionally done so far.",44,268,3.901972669574645,False,True,False,False,False,False,False,True
Phasmophobia,,76561198044184368,227745362,2026-06-12,Not Recommended,377.7 hrs on record,377.7,Hardcore,2,0,0.5098039507865905,0.0,english,False,False,True,"The last like 2.5 years worth of events and updates have been severely underwhelming. First actual new map we get in a long time is a tiny diner map smaller than a lot of the neighborhood maps. Maps that don't really need reworks getting them before maps that desperately need them such as the high school, prison, or point hope lighthouse. Customization finally comes after YEARS of it being wanted and it is very lack luster and underwhelming to the point of it being possibly the biggest L the game has ever taken and ever given to the community. I don't know anymore. It really seems like they just don't care.",111,614,5.9367443349077496,True,True,False,True,False,False,False,False
Phasmophobia,,76561198021648544,227742703,2026-06-12,Recommended,332.9 hrs on record,332.9,Hardcore,0,0,0.5,0.0,english,False,False,True,Great game! gather your friends ! So much fun!,9,46,5.810841546949609,True,False,False,True,False,False,False,False
Phasmophobia,,76561198018878864,227742552,2026-06-12,Not Recommended,283.4 hrs on record,283.4,Veteran,2,0,0.5098039507865905,0.0,english,True,False,True,"Used to be a fun game to play. It turned into an unplayable, buggy feeling and looking game. The new overhaul of the maps and movement are janky at best. The new, revamped maps. They aren't my cup of tea. Please bring back a legacy version of the game.",49,252,5.6503816979290855,True,False,True,True,False,True,False,False
Phasmophobia,,76561199243476000,227741282,2026-06-12,Recommended,30.9 hrs on record,30.9,Casual,0,0,0.5,0.0,english,True,False,True,very fun!,2,9,3.462606009790799,False,False,False,True,False,False,True,False
Phasmophobia,,76561199057170576,227739850,2026-06-12,Recommended,7.3 hrs on record,7.3,New,0,0,0.5,0.0,english,False,True,True,haha scary game oooo,4,20,2.1162555148025524,False,False,False,True,False,False,True,False
Phasmophobia,,76561198042050352,227737024,2026-06-12,Recommended,50.0 hrs on record,50.0,Casual,0,0,0.4724409580230712,0.0,english,True,False,True,THIS GAME IS LOWKEY KINDA GOOD AND IF YOU DON'T LIKE IT YOU POOPY BUMBUM OOGA BOOGA,17,83,3.9318256327243257,False,False,False,True,False,False,False,False
Phasmophobia,,76561199747283648,227735742,2026-06-12,Recommended,11.9 hrs on record,11.9,Casual,0,0,0.5,0.0,english,True,False,True,fun,1,3,2.5572273113676265,False,False,False,True,False,False,True,False
Phasmophobia,,76561199231784880,227734997,2026-06-12,Recommended,167.0 hrs on record,167.0,Veteran,0,0,0.5,0.0,english,False,False,True,glitches and hackers,3,20,5.123963979403259,True,False,True,False,False,False,True,False
Phasmophobia,,76561199221988080,227733730,2026-06-12,Recommended,21.3 hrs on record,21.3,Casual,0,1,0.5,0.0,english,True,False,True,Dont play solo or you will ♥♥♥♥ your pants,9,42,3.104586678466073,False,False,False,False,False,False,False,False
Phasmophobia,,76561199213135568,227733430,2026-06-12,Recommended,33.5 hrs on record,33.5,Casual,0,0,0.5,0.0,english,True,False,True,fire,1,4,3.5409593240373143,False,False,False,False,False,False,True,False
Phasmophobia,,76561199588322864,227733259,2026-06-12,Recommended,16.1 hrs on record,16.1,Casual,0,0,0.5,0.0,english,True,False,True,gost scary but im more scary,6,28,2.8390784635086144,False,False,False,True,False,False,False,False
Phasmophobia,,76561199069248672,227729060,2026-06-12,Recommended,75.2 hrs on record,75.2,Regular,0,0,0.5,0.0,english,True,False,True,I LOVE IT,3,9,4.333361462692601,False,False,False,True,False,False,True,False
Phasmophobia,,76561199120941472,227728970,2026-06-12,Recommended,4.6 hrs on record,4.6,New,0,0,0.5,0.0,english,True,False,True,AMAZING GAME YES YES,4,20,1.7227665977411035,False,False,False,True,False,False,True,False
Phasmophobia,,76561198708015504,227726847,2026-06-11,Recommended,30.8 hrs on record,30.8,Casual,0,0,0.5,0.0,english,True,False,True,t,1,1,3.459466289786131,False,False,False,False,False,False,True,False
Phasmophobia,,76561199214883168,227725322,2026-06-11,Recommended,57.5 hrs on record,57.5,Regular,0,0,0.5,0.0,english,True,False,True,"I would just loveee it if there were lobbies for 8 players because i made all my friends buy the game and now that we are 7-8 in our friend group we cannot play together and even if there are some mods for that i cannot trust them to not hack my computer, so im asking for yall to make the game for 8 players pretty please with a cherry on top",72,343,4.069026754237811,False,False,False,True,False,False,False,False
Phasmophobia,,76561198202372304,227724401,2026-06-11,Not Recommended,61.0 hrs on record,61.0,Regular,2,0,0.5098039507865905,0.0,english,True,False,True,"update ruined the game, completely unplayable",6,45,4.127134385045092,False,True,True,False,True,True,False,False
Phasmophobia,,76561199783776816,227723535,2026-06-11,Recommended,22.1 hrs on record,22.1,Casual,0,0,0.5,0.0,english,True,False,True,"Very fun with friends, the amount of content is a good amount, and overall a very well put together game",20,104,3.139832617527748,False,False,False,True,False,False,False,False
Phasmophobia,,76561199155394896,227723273,2026-06-11,Not Recommended,38.3 hrs on record,38.3,Casual,1,0,0.5098039507865905,0.0,english,True,False,True,не,1,2,3.6712245188752153,False,False,False,False,False,False,True,False
Phasmophobia,,76561199495333904,227721794,2026-06-11,Recommended,61.0 hrs on record,61.0,Regular,0,0,0.5,0.0,english,True,False,True,fun and yes,3,11,4.127134385045092,False,False,False,True,False,False,True,False
Phasmophobia,,76561198847660384,227720768,2026-06-11,Not Recommended,47.4 hrs on record,47.4,Casual,1,0,0.5098039507865905,0.0,english,True,False,True,"Great game Idea, but very bad servers and bugs. Settings reset all the time I re-open the game. Random ""lost connection to server"" even tho my internet is perfectly fine, incense doesnt protect sometimes, etc.",35,209,3.879499813722586,False,False,True,True,True,False,False,False
Phasmophobia,,76561199849308528,227719197,2026-06-11,Recommended,21.2 hrs on record,21.2,Casual,0,0,0.5,0.0,english,True,False,True,Really good I spent 50 mins on restricted Sunny Medows just for the Dayan to be bugged and not hunt a single time. W game 10/10 would recommend.,28,144,3.100092288878234,False,False,True,True,False,False,False,True
Phasmophobia,,76561198964175312,227717835,2026-06-11,Recommended,46.5 hrs on record,46.5,Casual,0,0,0.5,0.0,english,True,False,True,"Phasmophobia: A Masterclass in Shared Terror If you had told me a few years ago that I’d spend my weekends willingly walking into dark, haunted houses just to get mocked by a demon via a Spirit Box, I would have called you crazy. Yet, here I am, utterly hooked on Phasmophobia. While the game is brilliant as a solo horror experience, it truly transcends into something special when played in co-op. I’ve been playing exclusively with my brother, and it has easily become our favorite gaming ritual. The Joy of Custom Terrors What keeps Phasmophobia so incredibly fresh—even after hours of hunting—is how adaptable it is. Once you get a handle on the basic mechanics, the game gives you the freedom to make your own fun. My brother and I have started cooking up our own custom challenges to test our nerves, like: The ""No Flashlight"" Challenge: Relying strictly on candles and glowsticks to navigate a massive asylum. The Speed-Run: Trying to identify the ghost and escape within five minutes. The sandbox nature of the difficulty settings allows you to tweak the game to perfectly match your skill level, keeping the tension sky-high. The Thrill of the Hunt (and the Loot) Beyond just surviving, there is a genuine addiction to searching the maps for cursed possessions. There is nothing quite like the chaotic adrenaline rush of finding a deck of Tarot Cards. The dynamic changes instantly: do we play it safe, or do we risk pulling a High Priestess (or worse, the Death card) just for the thrill of it? Hunting down these items, filling up the investigation journal, and snapping perfect photos of the paranormal feels less like a repetitive loop and more like a genuine, eerie treasure hunt. The Verdict Phasmophobia balances genuine, heart-pounding dread with incredible cooperative gameplay. The sound design is top-tier (hearing a ghost breathe right in your ear will never not make you jump), and the proximity chat creates unforgettable moments of panic and comedy. If you have a dedicated gaming partner—like a sibling who is willing to use you as ghost bait—this game is an absolute must-play. It’s scary, it’s chaotic, and it’s some of the most fun you can have in the dark.",371,2186,3.8607297110405954,False,False,False,True,False,False,False,False
Phasmophobia,,76561199397825728,227706981,2026-06-11,Recommended,83.3 hrs on record,83.3,Regular,0,0,0.5,0.0,english,True,False,True,love the game just a few bugs that hopefully will be fixed soon equipment falling through the floor when a team mate drops it when switching equipment sometimes gets stuck down by your side,34,189,4.4343818650078095,False,False,True,True,False,False,False,True
Phasmophobia,,76561198223238464,227705015,2026-06-11,Not Recommended,146.7 hrs on record,146.7,Veteran,4,0,0.5648242235183715,0.0,english,True,False,True,"Phasmophobia can be a fun game to play as solo or with your friends... that's if it even works half the time, the player customization has proven me that the developers are not listening to criticism and despite having millions and millions of dollars earned from this game, the recent update that changed the characters animation looks horrible and has introduced a TON of bugs. It's very evidently proven that this game was released on early access in 2020, and YET by the time I'm writing this nearly 6 years later, it still is in early access. I truly do wish this game can get better and the developers actually start listening to the community, but it doesn't seem like it. The optimization has also gotten so bad since the player customization update, that the amount of times it takes just for me to be taken back to the lobby screen sucks.",152,848,4.995183189537334,True,True,True,True,True,False,False,False
Phasmophobia,,76561199135937440,227704010,2026-06-11,Recommended,66.5 hrs on record,66.5,Regular,0,0,0.5,0.0,english,False,False,True,"Who ya gonna call? Not the ghost busters, they're really expensive. Just get the local occult culb to deal with it.",21,115,4.212127597878484,False,False,False,False,False,False,False,False
Phasmophobia,,76561199196426688,227703772,2026-06-11,Recommended,40.7 hrs on record,40.7,Casual,2,0,0.541284441947937,0.0,english,True,False,True,i gave my friend diharrea,5,25,3.730501128804756,False,False,False,False,False,False,True,False
Phasmophobia,,76561199588837664,227703737,2026-06-11,Recommended,44.2 hrs on record,44.2,Casual,1,0,0.5238095521926879,0.0,english,True,False,True,very fun and gave me diarea,6,27,3.8110970868381857,False,False,False,True,False,False,False,False
Phasmophobia,,76561199690504640,227702753,2026-06-11,Recommended,32.0 hrs on record,32.0,Casual,0,0,0.5,0.0,english,True,False,True,I love this game I have been playing with my auntie and father and that makes it fun. but sometimes its very buggy but the moments are funny,28,140,3.4965075614664802,False,False,True,True,False,False,False,True
Phasmophobia,,76561199864969088,227699370,2026-06-11,Recommended,38.6 hrs on record,38.6,Casual,0,0,0.5,0.0,english,True,False,True,EVERYTHING,1,10,3.6788291182604347,False,False,False,False,False,False,True,False
Phasmophobia,,76561199200953440,227697985,2026-06-11,Recommended,25.3 hrs on record,25.3,Casual,0,0,0.5,0.0,english,False,False,True,good game,2,9,3.269568939183719,False,False,False,True,False,False,True,False
Phasmophobia,,76561199011157232,227697922,2026-06-11,Recommended,3.4 hrs on record,3.4,New,0,0,0.5,0.0,english,True,False,True,ok,1,2,1.4816045409242156,False,False,False,False,False,False,True,False
Phasmophobia,,76561198025713104,227696589,2026-06-11,Not Recommended,272.4 hrs on record,272.4,Veteran,1,0,0.5098039507865905,0.0,english,True,False,True,A social game that's outworn it's welcome.,7,42,5.610935924289849,True,False,False,False,False,False,False,False
Phasmophobia,,76561199094461360,227695912,2026-06-11,Recommended,140.0 hrs on record,140.0,Veteran,0,0,0.5,0.0,english,False,False,True,I've always hated mimics,4,24,4.948759890378168,True,False,False,False,True,False,True,False
Phasmophobia,,76561199528793328,227695074,2026-06-11,Recommended,256.3 hrs on record,256.3,Veteran,0,0,0.5,0.0,english,True,False,True,ghost get me lol,4,16,5.550242719287699,True,False,False,False,False,False,True,False
Phasmophobia,,76561198108059392,227694456,2026-06-11,Not Recommended,296.5 hrs on record,296.5,Veteran,0,0,0.4761904776096343,0.0,english,True,False,True,"I was reluctant to get this game to start with, I do not like scary stuff, but my sis convinced me to get it to play together and (even though it scared me) I really enjoyed playing! Then....update 0.17.0 happened..... Originally was SO excited because they had been promising character customization for YEARS! And it was a catastrophe....everything is broken, there's extra animation to do things(like pouring salt), the journal is zoomed out really far now, it just is not good. We are going to go try The Other Side or stick to Demonologist.",94,545,5.695414224985685,True,True,True,True,True,False,False,False
Phasmophobia,,76561199698524768,227693771,2026-06-11,Recommended,6.2 hrs on record,6.2,New,0,0,0.5,0.0,english,True,False,True,Great game! honestly pretty scary and a great difficulty to play. lots of fun with friends but scary alone lol,20,110,1.9740810260220096,False,False,False,True,False,False,False,False
Phasmophobia,,76561199605341344,227693719,2026-06-11,Recommended,70.9 hrs on record,70.9,Regular,0,0,0.5,0.0,english,True,False,True,"I have played Phasmophobia for years and I cannot believe I haven't wrote a review about it yet. This game is the game my sister and I always come back to when we want to play a game together with our friend. She lives in Europe and I am in the US so this is how we get to connect when we feel like we need some good sister time in. Despite playing this for about 5 years now, it doesn't feel repetitive to me at all. It's always a good time. We get some good laughs in while playing (of course the bulk of the humor is because I tend to get hunted ALL THE TIME). I have been enjoying watching this game expand and update. This game has been great since the start and I will always keep coming back for more. I can't wait to keep watching this game grow and update. It's a spooky good time. 10/10",161,796,4.275276264727001,False,True,False,True,False,False,False,True
Phasmophobia,,76561199811003696,227692351,2026-06-11,Recommended,36.4 hrs on record,36.4,Casual,0,0,0.5,0.0,english,True,False,True,saw friend bug out of hiding spot ghost caught him his body flew away 10/10 would fly again,18,91,3.6216707044204863,False,False,True,False,False,False,False,True
Phasmophobia,,76561199789923792,227691949,2026-06-11,Recommended,75.4 hrs on record,75.4,Regular,0,0,0.5,0.0,english,True,False,True,"Such an amazing game, one of the games I can play for hours.",13,60,4.335982696172475,False,False,False,True,False,False,False,False
Phasmophobia,,76561198781604896,227691148,2026-06-11,Recommended,61.0 hrs on record,61.0,Regular,0,0,0.5,0.0,english,True,False,True,Very Good! Could use some animation fixes and also a few more unique scary ghost interactions,16,93,4.127134385045092,False,True,False,True,False,False,False,True
Phasmophobia,,76561199350333232,227690561,2026-06-11,Recommended,36.1 hrs on record,36.1,Casual,0,0,0.5,0.0,english,True,False,True,67,1,2,3.6136169696133895,False,False,False,False,False,False,True,False
Phasmophobia,,76561199869353616,227689728,2026-06-11,Recommended,226.9 hrs on record,226.9,Veteran,0,0,0.5,0.0,english,True,False,True,"game has a few issues, but it’s still a lot of fun. It definitely gave me some good scares.",19,91,5.4289069362516384,True,False,True,True,False,False,False,True
Phasmophobia,,76561199735492208,227688773,2026-06-11,Recommended,40.7 hrs on record,40.7,Casual,0,1,0.5,0.0,english,True,False,True,play with frinds but not with ones that count as 3 people,12,57,3.730501128804756,False,False,False,False,False,False,False,False
Phasmophobia,,76561198230981216,227688692,2026-06-11,Recommended,7.3 hrs on record,7.3,New,0,0,0.5,0.0,english,False,False,True,funny money paw,3,15,2.1162555148025524,False,False,False,True,False,False,True,False
Phasmophobia,,76561198421271920,227687549,2026-06-11,Not Recommended,160.6 hrs on record,160.6,Veteran,1,0,0.5098039507865905,0.0,english,True,False,True,"The game itself is super cool and easily worth playing... ...after they fix all of the blatant bugs they've more recently introduced into the game. I'll correct my review to ""recommended"" if they fix their plethora of bugs to ""consistently playable"".",41,250,5.085124146086995,True,False,True,True,False,False,False,False
Phasmophobia,,76561199511705984,227687390,2026-06-11,Recommended,22.3 hrs on record,22.3,Casual,0,0,0.5,0.0,english,True,False,True,Great with friends,3,18,3.1484533605716547,False,False,False,True,False,False,True,False
Phasmophobia,,76561199088031808,227686773,2026-06-11,Recommended,4.9 hrs on record,4.9,New,0,0,0.5,0.0,english,True,True,True,W Game,2,6,1.7749523509116738,False,False,False,False,False,False,True,False
Phasmophobia,,76561199568460608,227686301,2026-06-11,Recommended,8.3 hrs on record,8.3,New,0,0,0.5,0.0,english,True,False,True,ts is tuff,3,10,2.2300144001592104,False,False,False,False,False,False,True,False
Phasmophobia,,76561199827259584,227683997,2026-06-11,Recommended,3.3 hrs on record,3.3,New,0,0,0.5,0.0,english,False,False,True,saw the ghost got scared and left,7,33,1.4586150226995167,False,False,False,False,False,False,False,False
Phasmophobia,,76561198964801888,227679983,2026-06-11,Recommended,46.4 hrs on record,46.4,Casual,0,0,0.5,0.0,english,True,False,True,it is a great game to play and really gives the horror vibe while ghost hunting,16,79,3.858622228701031,False,False,False,True,False,False,False,False
Phasmophobia,,76561198258300976,227679873,2026-06-11,Recommended,31.0 hrs on record,31.0,Casual,0,0,0.4750698506832122,0.0,english,False,False,True,espooky 10/10,2,13,3.4657359027997265,False,False,False,False,False,False,True,False
Phasmophobia,,76561198407103056,227679733,2026-06-11,Not Recommended,0.2 hrs on record,0.2,New,0,0,0.4885057508945465,0.0,english,False,False,True,"brokem fretzffef sdd ha,e",4,25,0.18232155679395465,False,False,False,False,False,False,True,False
Phasmophobia,,76561199275697648,227678245,2026-06-11,Recommended,36.1 hrs on record,36.1,Casual,0,1,0.4657534062862396,0.0,english,True,False,True,Don’t pick up music boxes and start playing a song in the basement of a hunted house. THE THING DOWN THERE DOES NOT LIKE IT… 5* would play again.,29,145,3.6136169696133895,False,False,False,False,False,False,False,False
Phasmophobia,,76561199848816064,227676641,2026-06-11,Recommended,14.4 hrs on record,14.4,Casual,0,0,0.4885057508945465,0.0,english,True,False,True,ayyyy,1,5,2.7343675094195836,False,False,False,False,False,False,True,False
Phasmophobia,,76561198049788144,227676272,2026-06-11,Not Recommended,15.0 hrs on record,15.0,Casual,3,1,0.4419284164905548,0.0,english,False,False,True,this game ♥♥♥♥♥♥♥ sucks why are the controls the way they are why do people run so slow WHY,19,91,2.772588722239781,False,False,False,False,False,False,False,False
Phasmophobia,,76561199099358784,227675776,2026-06-11,Recommended,9.5 hrs on record,9.5,New,0,0,0.4885057508945465,0.0,english,False,False,True,it good,2,7,2.3513752571634776,False,False,False,True,False,False,True,False
Phasmophobia,,76561198856643920,227674982,2026-06-11,Not Recommended,28.6 hrs on record,28.6,Casual,5,0,0.5354852080345153,0.0,english,True,False,True,"This game really use to be great. There's a reason why I keep coming back to play it. However, the last few updates have really ruined the game. From broken models to trash immersion features. In all honesty, the game just looks terrible now. If you hold something in your character's hand and get close to your friend's face your arm suddenly looks smaller than their head. Do they just add things and expect them to work or look good? Whatever passion or care the devs put into the game has vanished. It feels like the devs don't even care about this game anymore. There are some aspects of the game that still feel the same. However, I feel like it's getting harder to recommend this game to my other friends. If the devs continue on this route, I may just stop playing.",143,773,3.3877743613300146,False,True,True,True,True,True,False,False
Phasmophobia,,76561198166940624,227674243,2026-06-11,Not Recommended,41.5 hrs on record,41.5,Casual,4,0,0.5266909003257751,0.0,english,False,False,True,"It's insane how they manage to make the game play worse, have more bugs and look worse the longer the development goes on.",23,122,3.7495040759303713,False,False,True,False,False,False,False,False
Phasmophobia,,76561199071893856,227671799,2026-06-11,Not Recommended,196.4 hrs on record,196.4,Veteran,3,0,0.5,0.0,english,False,False,True,"Was fun before the latest updates, now it's just ♥♥♥♥",10,53,5.285232126999381,True,True,False,True,False,False,False,False
Phasmophobia,,76561199188890048,227668123,2026-06-11,Not Recommended,159.8 hrs on record,159.8,Veteran,4,0,0.532710313796997,0.0,english,False,False,True,"loved it, then they removed the good characters and left us with blocky ones and animations no one asked for that made the game laggy. Would be a great game if they slowed down on making assets just their own. Its not working out right now",46,239,5.080161356744866,True,True,True,True,False,False,False,False
Phasmophobia,,76561199060350064,227667675,2026-06-11,Recommended,71.8 hrs on record,71.8,Regular,0,0,0.5,0.0,english,True,False,True,i shat my pants at least thrice,7,31,4.28771595520264,False,False,False,False,False,False,False,False
Phasmophobia,,76561199476129824,227665666,2026-06-11,Recommended,459.6 hrs on record,459.6,Hardcore,0,0,0.5,0.0,english,True,True,True,"Amazing Game, sometimes lags",4,28,6.132529987386585,True,False,True,True,False,False,True,False
Phasmophobia,,76561198724044576,227663979,2026-06-11,Recommended,8.8 hrs on record,8.8,New,0,0,0.5,0.0,english,True,False,True,very fun but make sure u play with friends,9,42,2.2823823856765264,False,False,False,True,False,False,False,False
Phasmophobia,,76561198776652704,227663410,2026-06-11,Recommended,7.8 hrs on record,7.8,New,0,0,0.5,0.0,english,False,False,True,game is fun and scary at some points,8,36,2.174751721484161,False,False,False,True,False,False,False,False
Phasmophobia,,76561198785306208,227662813,2026-06-11,Recommended,16.1 hrs on record,16.1,Casual,0,0,0.5,0.0,english,True,False,True,scary,1,5,2.8390784635086144,False,False,False,True,False,False,True,False
Phasmophobia,,76561199092140576,227662678,2026-06-11,Recommended,126.1 hrs on record,126.1,Veteran,0,1,0.5,0.0,english,True,False,True,gogo gaga,2,9,4.844974178195408,True,False,False,False,False,False,True,False
Phasmophobia,,76561199777413360,227661924,2026-06-11,Recommended,17.3 hrs on record,17.3,Casual,0,0,0.5,0.0,english,True,False,True,w game,2,6,2.9069010598473755,False,False,False,False,False,False,True,False
Phasmophobia,,76561198067454064,227661822,2026-06-11,Recommended,56.2 hrs on record,56.2,Regular,0,0,0.5,0.0,english,True,False,True,spooky. should be better optimized. both performance and networking.,9,68,4.046553898385752,False,False,False,False,False,False,False,False
Phasmophobia,,76561199258425216,227661277,2026-06-11,Recommended,15.4 hrs on record,15.4,Casual,0,0,0.5,0.0,english,True,False,True,SS SCAARY,2,9,2.797281334830153,False,False,False,False,False,False,True,False
Phasmophobia,,76561199580237424,227660491,2026-06-11,Recommended,70.9 hrs on record,70.9,Regular,0,1,0.5,0.0,english,True,False,True,"Walked in room,saw friend doing a ritual,woke up my sister from chanting,got strangled,hopped on phasmaphobia 10\10",16,115,4.275276264727001,False,False,False,False,False,False,False,False
Phasmophobia,,76561198992054400,227658375,2026-06-11,Not Recommended,235.5 hrs on record,235.5,Veteran,3,0,0.5388669371604919,0.0,english,False,False,True,"Absolutely loved this game for years, enough that I rebought the game after losing my steam account, always came back time after time. Saw all the changes to the lobbies, maps, equipment, progression, ghosts, etc... and stuck with it. But I'm done, I can't do it anymore, they killed the game I loved playing with my friends for hours. Don't trust the positive reviews, this game has run into the ground. Can't even look at it the same anymore.",79,444,5.465948207931988,True,False,False,True,False,True,False,False
Phasmophobia,,76561199820088608,227657006,2026-06-11,Recommended,22.6 hrs on record,22.6,Casual,0,0,0.5,0.0,english,True,False,True,A great game when played with friends. Scary and funny at the same time. Highly recommend!,16,90,3.1612467120315646,False,False,False,True,False,False,False,False
Phasmophobia,,76561198751991648,227654350,2026-06-11,Recommended,72.7 hrs on record,72.7,Regular,0,0,0.5,0.0,english,True,False,True,Pretty good,2,11,4.300002799195291,False,False,False,True,False,False,True,False
Phasmophobia,,76561199047866928,227654348,2026-06-11,Recommended,86.3 hrs on record,86.3,Regular,0,0,0.5,0.0,english,True,False,True,"86 hours of my daily life wasted on this game, its pretty fun.",13,62,4.469350462845557,False,False,False,True,False,False,False,False
Phasmophobia,,76561198329867104,227653059,2026-06-10,Recommended,80.2 hrs on record,80.2,Regular,0,0,0.5,0.0,english,False,False,True,"Really don't know where the hate comes from. My experience with the game has been nothing but positive since I bought it a few years ago. Level progression is easy/makes sense, the animations and overall ""look"" of the game is fantastic (albeit a little funky at times), and the gameplay is straightforward and easy to pick up and go with. If you're after a silly ghost huntin' game that's not too spooky to enjoy with friends, this game is for you.",81,448,4.396915247167632,False,True,False,True,True,False,False,True
Phasmophobia,,76561199057902192,227651260,2026-06-10,Recommended,45.0 hrs on record,45.0,Casual,0,0,0.4929577410221099,0.0,english,True,False,True,GG,1,2,3.828641396489095,False,False,False,False,False,False,True,False
Phasmophobia,,76561199043569840,227648499,2026-06-10,Recommended,5.6 hrs on record,5.6,New,0,0,0.5,0.0,english,False,False,True,This guy is quite enjoyable with friends its amazing without its pretty good :D. i must say however it is a mission to get better gear since you do need to level up quite a bit,36,176,1.8870696490323797,False,False,False,True,False,False,False,False
Phasmophobia,,76561198969748032,227647168,2026-06-10,Not Recommended,45.7 hrs on record,45.7,Casual,0,1,0.4812099039554595,0.0,english,True,False,True,>Be me 18 M >Play with partner also 18 M >Get good at game >Partner slightly improves >Get too good and partner doesn't want to play anymore >Why did I buy this?,32,161,3.8437441646748516,False,False,False,True,False,False,False,False
Phasmophobia,,76561199881507872,227646610,2026-06-10,Recommended,3.6 hrs on record,3.6,New,0,0,0.5,0.0,english,True,False,True,good game,2,9,1.5260563034950492,False,False,False,True,False,False,True,False
Phasmophobia,,76561199491168624,227645906,2026-06-10,Recommended,29.2 hrs on record,29.2,Casual,0,0,0.5,0.0,english,False,False,True,"Amazing and funny with friends, itches the grind I enjoy. Despite the mixed reviews, I LOVE the game",18,100,3.407841924380824,False,False,False,True,False,False,False,False
Phasmophobia,,76561199096178496,227643481,2026-06-10,Not Recommended,24.4 hrs on record,24.4,Casual,0,0,0.4901960790157318,0.0,english,True,False,True,worst game ever,3,15,3.2347491740244907,False,False,False,False,True,False,True,False
Phasmophobia,,76561199027845248,227641176,2026-06-10,Recommended,3.8 hrs on record,3.8,New,0,0,0.5,0.0,english,True,False,True,Fun and Funny. Play it with friends all the time and barely solve any haunts.,15,77,1.5686159179138452,False,False,False,True,False,False,False,False
Phasmophobia,,76561198174891376,227639217,2026-06-10,Recommended,21.7 hrs on record,21.7,Casual,0,0,0.5,0.0,english,True,False,True,so badly optimised but when it works its great,9,46,3.122364924487357,False,False,False,True,True,False,False,False
Phasmophobia,,76561199171063104,227636433,2026-06-10,Recommended,0.1 hrs on record,0.1,New,0,0,0.5,0.0,english,False,False,True,good game. never played though. I dont know how im able to review it.,14,69,0.09531017980432487,False,False,False,True,False,False,False,False
Phasmophobia,,76561199243950544,227633939,2026-06-10,Recommended,60.5 hrs on record,60.5,Regular,0,0,0.5,0.0,english,True,False,True,its good but got boring quickly,6,31,4.119037174812473,False,False,False,True,True,False,False,False
Phasmophobia,,76561199536889616,227632832,2026-06-10,Recommended,45.1 hrs on record,45.1,Casual,0,0,0.5,0.0,english,True,False,True,:),1,2,3.8308129500026027,False,False,False,False,False,False,True,False
Phasmophobia,,76561199096855856,227630649,2026-06-10,Not Recommended,53.2 hrs on record,53.2,Regular,4,0,0.5495495200157166,0.0,english,False,False,True,"There is a good game here, sadly buried under a pile of decisions that come close to being as bad as the recent decisions of arrowhead with helldivers 2. The devs dont listen to the community at all and deny any valid feedback, even that of their own testers. Maps that actually need reworking get left to rot while maps that already get played a lot get the rework for some reason. New character customization update that was supposed to ""make things more realistic"" made it argueably less realistic and more buggy. I'll change the review once that changes, I really, REALLY hope it does",105,588,3.9926809084456005,False,True,True,True,True,False,False,False
Phasmophobia,,76561199384984256,227630463,2026-06-10,Recommended,16.3 hrs on record,16.3,Casual,0,0,0.5,0.0,english,True,False,True,good game horror true best game not bad truly happy me my pant wet too,15,70,2.8507065015037334,False,False,False,True,True,False,False,True
Phasmophobia,,76561198769768448,227630459,2026-06-10,Recommended,15.0 hrs on record,15.0,Casual,0,0,0.5,0.0,english,True,False,True,best co-op horror game i have been ever seen to play with friends but this game contains many glitches and bugs that makes users experience a little bit bad and i hope they will fix the bugs and glitches,39,203,2.772588722239781,False,False,True,True,True,False,False,True
Phasmophobia,,76561198823774080,227626020,2026-06-10,Not Recommended,206.6 hrs on record,206.6,Veteran,3,0,0.5435684919357299,0.0,english,False,False,True,This game use to be really fun but the latest update with player customization and animations has just killed the game for me and im going to uninstall it and im not the only one all my friends hate it and we do not enjoy playing anymore. i understand what they were trying to do but they runied it and the customization is so trash. You need to buy everything and even then all the options are trash. Also the fact it is still in early access is just crazy to me its just like 7 days to die. a legit joke,102,505,5.335613151291733,True,True,False,True,True,False,False,False
Phasmophobia,,76561199643658576,227624381,2026-06-10,Recommended,11.6 hrs on record,11.6,Casual,0,0,0.5,0.0,english,True,False,True,ni ce,2,5,2.533696813957432,False,False,False,False,False,False,True,False
Phasmophobia,,76561199630158288,227624026,2026-06-10,Recommended,55.7 hrs on record,55.7,Regular,0,0,0.5,0.0,english,True,False,True,"E amuzant jocul chiar dacă e horror, mai mult rad decât sa îmi fie frica.",15,73,4.037774210733707,False,False,False,False,False,False,False,False
Phasmophobia,,76561199056571728,227622484,2026-06-10,Recommended,13.6 hrs on record,13.6,Casual,0,0,0.5,0.0,english,True,False,True,good game scary though,4,22,2.681021528714291,False,False,False,True,False,False,True,False
Phasmophobia,,76561199860602976,227622282,2026-06-10,Recommended,14.0 hrs on record,14.0,Casual,1,0,0.5,0.0,english,True,False,True,"great game, loved it for a while, the update is buggy but i have faith in the devs to fix it",21,92,2.70805020110221,False,True,True,True,False,False,False,True
Phasmophobia,,76561198390476800,227617335,2026-06-10,Recommended,11.3 hrs on record,11.3,Casual,0,0,0.5,0.0,english,False,False,True,"4 years since I was gifted this and somehow I never reviewed it?? well, better late than never I suppose! Phasmophobia is an intriguing multiplayer supernatural-horror/thriller experience, you play as paranormal investigative contractors- in each contract you play, you have one goal, use your various equipment items (more are unlockable as you progress, and different tiers too!) to identify and confirm the type of supernatural entity residing within whatever haunted location, there's maps such as a prison ,a school, and various different houses. You *can* play it singleplayer, but in my humble opinion, it's far better with friends, even just one other person, though it's good fun for a group! hop on a discord call, or use in-game proximity chat to talk & work together- the gameplay is solid, and all around an engaging, and somewhat addictive experience, and this game is genuinely a labor love, all these years gone by and it's still actively being worked on, it's so much more polished than it was in 2022! Highly recommend, even for non-horror fans!~",174,1064,2.509599262378372,False,False,False,True,True,False,False,True
Phasmophobia,,76561199131944288,227617208,2026-06-10,Recommended,113.1 hrs on record,113.1,Veteran,0,0,0.5,0.0,english,True,False,True,Find ghost... ver fun,4,21,4.73707525686803,True,False,False,True,False,False,True,False
Phasmophobia,,76561198736874896,227616453,2026-06-10,Recommended,27.6 hrs on record,27.6,Casual,0,0,0.5,0.0,english,True,False,True,the game IS ABSOLUTE PEAK MAN ITS A CRAZY ASS GHOST HUNTING GAME,13,64,3.353406717825807,False,False,False,False,False,False,False,False
Phasmophobia,,76561198967631920,227615896,2026-06-10,Recommended,17.5 hrs on record,17.5,Casual,0,0,0.5,0.0,english,False,False,True,"This game is a fun game to play with friends. The learning curve is difficult early on, but as you get more accustomed to the game and higher level equipment, it becomes more fun.",34,179,2.917770732084279,False,False,False,True,False,False,False,False
Phasmophobia,,76561198858467248,227614749,2026-06-10,Not Recommended,9.8 hrs on record,9.8,New,0,0,0.4782608747482299,0.0,english,False,False,True,"They Ruined the game, it was only good in the days when the game first came out",17,79,2.379546134130174,False,False,False,True,True,True,False,False
Phasmophobia,,76561199516508768,227614010,2026-06-10,Recommended,6.8 hrs on record,6.8,New,0,0,0.5,1.0,english,True,False,True,Ts IS gas.,3,10,2.0541237336955462,False,False,False,False,False,False,True,False
Phasmophobia,,76561199645362816,227613979,2026-06-10,Recommended,23.0 hrs on record,23.0,Casual,0,0,0.5,0.0,english,True,False,True,phasmophobia is a fairly well made game where the devs seem to somewhat care about the comunity and have contiunously added new content throughout the years,26,156,3.1780538303479458,False,False,False,False,False,False,False,False
Phasmophobia,,76561198316147312,227612469,2026-06-10,Not Recommended,616.2 hrs on record,616.2,Hardcore,2,1,0.5454545617103576,0.0,english,True,False,True,"Played for years and it was a nice chill horror game to play with friends The latest update rolls around, and with it came animations with every single interaction, all of which slows down the game dramatically. The quick responsiveness of interactions with things like smudge sticks are a thing of the past with this new update. Now you have to wait a few seconds for everything, and in the heat of the moment against a ghost, those few seconds might as well be a few years. They also added character customization, but only in name. The items that the give you in the way of shirts, hairstyles, and so many other options that you would expect in a character creator are surprisingly limited. Think a max of 3 or 4 outfits regardless of how far you've made it into the game. I won't even get into the character models. This game still has a lot of the charm that made me fall in love with it back in 2021, but this update removed a large portion of that charm, and I honestly cannot recommend anyone spend their money on the game in its current state",196,1051,6.425193120489006,True,True,False,True,False,False,False,False
Phasmophobia,,76561199304116672,227612075,2026-06-10,Not Recommended,31.0 hrs on record,31.0,Casual,1,0,0.5238095521926879,0.0,english,True,False,True,Ruined it,2,9,3.4657359027997265,False,False,False,False,True,False,True,False
Phasmophobia,,76561198757763680,227608782,2026-06-10,Recommended,7.4 hrs on record,7.4,New,0,0,0.5,0.0,english,True,False,True,i just think its a good game but hard too play,11,46,2.128231705849268,False,False,False,True,False,False,False,False
Phasmophobia,,76561199455143792,227606322,2026-06-10,Recommended,40.1 hrs on record,40.1,Casual,0,0,0.5,0.0,english,True,True,True,yp,1,2,3.716008121502189,False,False,False,False,False,False,True,False
Phasmophobia,,76561199730279264,227606155,2026-06-10,Recommended,0.9 hrs on record,0.9,New,0,0,0.5,2.0,english,False,False,True,the grass was to green so i knew it was a jyn my freind said nah we whent insinde and i had ghostdih go in to a bad place in my body 10/10 experince i would do again,38,165,0.6418538861723948,False,False,False,False,True,False,False,True
Phasmophobia,,76561199812696064,227605562,2026-06-10,Not Recommended,39.8 hrs on record,39.8,Casual,1,0,0.5021392703056335,0.0,english,True,False,True,"I got this game when it came out on console years ago and had so much fun with my friends. When I a computer and repurchased it I continued to play it with my friends up until this fall when I took a break. At that point the game was a little janky but it was almost perfectly fine. Never would I expect that the developers wanted to regress their game back to alpha by feeding it bugs and premade models that look like ♥♥♥♥. This game has been in early access for 6 years and it's only gotten worse with every update. They new character models are just edgy guys which really tight jeans and eyebrow piercings. They should just bring back the normal looking people instead of Joe Shmo emo mgee On the topic of new, all of the tools are smaller and look stupid. Half the time when I pull out my flashlight it stays on my toolbelt and I have a floating hand of light. The tier 1 thermo is impossible to read because of size so you might as well ignore temp and interacting with anything plays this dumb ♥♥♥♥♥♥♥ animation that looks like your fingering something?! Why? I never thought I would get angry a game becoming worse but this isn't a AAA studio. Why aren't they taking player criticism? More ghost interactions happen and the new ghost behavers are chatgpt brainstorms thrown under burning elephant ♥♥♥♥. They next update should be called Undo2.0 or sell GameToOtherStudio2.0. I was playing the other day and saw an events thing pop up. Wtf is that this isn't Fortnite. The new events allow you to get limited time clothes that look like ♥♥♥♥ and require playing a separate challenge mode. I wouldn't recommend buying this game until the devs get off crystal start releasing updates that benefit the game. Just wait until it gets out of early release.",321,1758,3.708682081410116,False,True,True,True,False,True,False,False
Phasmophobia,,76561198778977712,227605480,2026-06-10,Recommended,94.6 hrs on record,94.6,Regular,0,0,0.4761904776096343,0.0,english,True,False,True,zxcvb,1,5,4.560172820057356,False,False,False,False,False,False,True,False
Phasmophobia,,76561199234345056,227605371,2026-06-10,Recommended,203.1 hrs on record,203.1,Veteran,0,0,0.5,0.0,english,True,False,True,"very buggy but ngl that's one reason why i love this game. it's very addicting. its fun to do the research and learn new was to play this game. it is scary at first and to be honest I still jumped scared. but it is very fun if you enjoy puzzle horror game, I recommend it alot.",57,277,5.318610069815799,True,False,True,True,False,False,False,True
Phasmophobia,,76561198282890176,227602690,2026-06-10,Not Recommended,111.6 hrs on record,111.6,Veteran,1,0,0.52173912525177,0.0,english,True,False,True,PLEASE this is a bad update,6,27,4.72384171570559,True,True,False,False,True,False,False,False
Phasmophobia,,76561199125465296,227602323,2026-06-10,Recommended,140.6 hrs on record,140.6,Veteran,0,0,0.5,0.0,english,True,False,True,played this game since early release days and im still in love with every aspect of the game,18,92,4.953006181259619,True,False,False,True,False,False,False,False
Phasmophobia,,76561198857034448,227602279,2026-06-10,Recommended,33.6 hrs on record,33.6,Casual,0,0,0.5,0.0,english,True,False,True,yes,1,3,3.543853682063679,False,False,False,False,False,False,True,False
Phasmophobia,,76561198756053424,227601924,2026-06-10,Recommended,5.1 hrs on record,5.1,New,0,0,0.5,0.0,english,True,False,True,very fun but can be scary at moments,8,36,1.8082887711792655,False,False,False,True,False,False,False,False
Phasmophobia,,76561199127860384,227601058,2026-06-10,Recommended,4.5 hrs on record,4.5,New,0,0,0.5,0.0,english,True,False,True,tuff,1,4,1.7047480922384253,False,False,False,False,False,False,True,False
Phasmophobia,,76561198746043392,227600785,2026-06-10,Recommended,8.5 hrs on record,8.5,New,0,0,0.5,0.0,english,True,False,True,scary but good... great... awsome.... THE BEST!,7,47,2.2512917986064953,False,False,False,True,False,False,False,False
Phasmophobia,,76561198806062144,227598317,2026-06-10,Not Recommended,127.8 hrs on record,127.8,Veteran,0,0,0.5,0.0,english,True,False,True,yeah mate update the game once every blood moon brilliant idea,11,62,4.858260813670253,True,True,False,False,False,False,False,False
Phasmophobia,,76561199840352624,227598147,2026-06-10,Not Recommended,117.0 hrs on record,117.0,Veteran,1,1,0.5258620381355285,0.0,english,True,False,True,"Phasmophobia might just be one of the most neglected games of all time. There is so much potential, but their dev team are absolutely HORRENDOUS at meeting deadlines, and even when they do, they come out with mediocre result. They've had their fair share of excuses, but it is getting out of line. There are TOO many bugs, TOO many hackers, and this one guy called BiscuitBum who lurks on their servers and won't stop threatening to tickle the soles of my feet. Sort. It. Out.",86,476,4.770684624465665,True,False,True,False,False,False,False,False
Phasmophobia,,76561198354773552,227594198,2026-06-10,Not Recommended,170.3 hrs on record,170.3,Veteran,2,0,0.485612004995346,0.0,english,True,False,True,This is like when Todd Howard promised a polished fallout 76 at Gamecon 2018 and then he just didn't do it because he is the absoloute worse. Lucky for him Kinetic games is now worse I would rather play Raft at least its playable. I give this pre-update 1 Tom out of Jerry and I give after update 1 danny devito out of 10000 godfather part 2,67,341,5.143416405330075,True,True,False,False,False,False,False,False
Phasmophobia,,76561199077707600,227589070,2026-06-10,Recommended,16.0 hrs on record,16.0,Casual,0,0,0.5,0.0,english,False,False,True,skery,1,5,2.833213344056216,False,False,False,False,False,False,True,False
Phasmophobia,,76561198849002960,227588180,2026-06-10,Recommended,64.0 hrs on record,64.0,Regular,0,1,0.5,0.0,english,True,True,True,can crack ghost,3,15,4.174387269895637,False,False,False,False,False,False,True,False
Phasmophobia,,76561198865443408,227586754,2026-06-10,Recommended,10.2 hrs on record,10.2,Casual,0,0,0.5,0.0,english,True,False,True,gg,1,2,2.4159137783010487,False,False,False,False,False,False,True,False
Phasmophobia,,76561198293527856,227586412,2026-06-10,Recommended,19.9 hrs on record,19.9,Casual,0,0,0.5,0.0,english,True,False,True,"i love this game but there are sooooooooo many bugs that need to be fixed. For starters, when i play with others, its super laggy. Also the game likes to shut down a lot.",34,170,3.039749158970765,False,False,True,True,False,False,False,True
Phasmophobia,,76561198287057984,227585244,2026-06-10,Not Recommended,8.2 hrs on record,8.2,New,2,0,0.5296273827552795,0.0,english,True,False,True,"This amount of jank could be acceptable when the game first came out and the dev team was much more inexperienced, but after being on Steam for nearly 6 years, it's unacceptable. The devs seem more interested in adding more things or refreshing already good maps instead of fixing game breaking bugs. When the developers tell you ""just keep playing the game till you're use to the jank,"" after releasing the most broken update to date, that's all you need to know about how much they care about their own product outside of it's sales figures. Even my friends don't want to play this game with me when I suggest it anymore, it's gotten that bad.",116,645,2.2192034840549946,False,True,True,True,True,False,False,False
Phasmophobia,,76561198996353408,227584099,2026-06-10,Recommended,60.0 hrs on record,60.0,Regular,0,0,0.5,0.0,english,True,False,True,i like,2,6,4.110873864173311,False,False,False,False,False,False,True,False
Phasmophobia,,76561199381873616,227581360,2026-06-10,Recommended,63.6 hrs on record,63.6,Regular,0,0,0.5,0.0,english,True,False,True,"pretty good, only wish we could also exercise the ghost with the evidence we found, would be a cool feature",20,107,4.168214410788556,False,False,False,True,False,False,False,False
Phasmophobia,,76561199591075456,227579294,2026-06-10,Recommended,146.9 hrs on record,146.9,Veteran,0,0,0.5,0.0,english,True,False,True,its a very good game but i think they made the game a bit worse with tangle wood,18,80,4.996536369716754,True,False,False,True,False,False,False,False
Phasmophobia,,76561199066730240,227577239,2026-06-09,Recommended,7.2 hrs on record,7.2,New,0,0,0.5,0.0,english,False,True,True,"peak, got gifted it and even better",7,35,2.1041341542702074,False,False,False,False,False,False,False,False
Phasmophobia,,76561198263554896,227574383,2026-06-09,Recommended,34.7 hrs on record,34.7,Casual,0,0,0.5,0.0,english,True,False,True,Pls don't play this for long cause when you do.. you can never lose.,14,68,3.5751506887855933,False,False,False,False,False,False,False,False
Phasmophobia,,76561198025572128,227572903,2026-06-09,Recommended,202.3 hrs on record,202.3,Veteran,0,0,0.5,0.0,english,False,False,True,Are you my grandmother?,4,23,5.314682720634301,True,False,False,False,False,False,True,False
Phasmophobia,,76561199525884384,227572173,2026-06-09,Recommended,3.1 hrs on record,3.1,New,0,0,0.5,0.0,english,True,False,True,enter truck get items enter house emf 5 front door close demon hear voice dead game fun and scarey,19,98,1.410986973710262,False,False,False,True,False,False,False,False
Phasmophobia,,76561198727415760,227567935,2026-06-09,Recommended,16.9 hrs on record,16.9,Casual,0,0,0.5,0.0,english,True,False,True,fun and keeps people on there toes as well as giving a nice paranormal hunting expierence to a new level,20,104,2.884800712846709,False,False,False,True,False,False,False,False
Phasmophobia,,76561199112577904,227567801,2026-06-09,Recommended,27.3 hrs on record,27.3,Casual,0,0,0.4761904776096343,0.0,english,False,False,True,a,1,1,3.342861804649192,False,False,False,False,False,False,True,False
Phasmophobia,,76561199101023904,227560892,2026-06-09,Recommended,31.4 hrs on record,31.4,Casual,0,0,0.5,0.0,english,True,False,True,Very fun,2,8,3.4781584227982836,False,False,False,True,False,False,True,False
Phasmophobia,,76561198772806160,227557674,2026-06-09,Recommended,10.1 hrs on record,10.1,Casual,0,0,0.5,0.0,english,True,False,True,в соло не кайф,4,14,2.4069451083182885,False,False,False,False,False,False,True,False
Phasmophobia,,76561198354357072,227555924,2026-06-09,Not Recommended,1147.0 hrs on record,1147.0,Hardcore,0,0,0.5,0.0,english,True,False,True,"Over 1.1k hours on record, most of which was before the lobby change years ago. I have tried getting back into the game multiple times and it's just not as fun as it used to be. Yes, nearly everything has changed since I was hooked. I don't mind change but the more updates that happen the less fun I'm having. It's so buggy with no bugs being fixed after reporting. Not all updates are bad, but most of them are becoming unplayable or just not enjoyable. Sad to see the game where it is now compared to where it was years ago.",102,527,7.045776576879511,True,True,True,True,True,True,False,False
Phasmophobia,,76561199487292400,227555756,2026-06-09,Recommended,22.9 hrs on record,22.9,Casual,0,0,0.5,0.0,english,True,False,True,its goood i love it,5,19,3.173878458937465,False,False,False,True,False,False,True,False
Phasmophobia,,76561199161808880,227555220,2026-06-09,Recommended,130.8 hrs on record,130.8,Veteran,0,0,0.5,0.0,english,True,False,True,hawt class,2,10,4.881285622068407,True,False,False,False,False,False,True,False
Phasmophobia,,76561199217747984,227540817,2026-06-09,Not Recommended,131.8 hrs on record,131.8,Veteran,1,0,0.5,0.0,english,True,False,True,"The early access label is an excuse for a janky game that is constantly getting updates no one asked for. They change what little good the game has, but never change any of the bad, like the giant maps that’re empty. Once playable maps, are now a damn lag simulator, and I don’t even play on that low end of a PC. This game has made about $260 million dollars, yet the studio seems to genuinely mainly care about overpriced merch. The updates are so few and far between, and when they do come, they’re lackluster or worse, do more harm than good by adding bad content and bugs. The dev team for some reason seem to have a bad relationship with the community, and I cannot for the life of me think of any reason why. The reason you guys are STANDING as a team and company is because of fans, but you shut us down and dismiss us, and discourage anything that goes outside of the narrative you guys so desperately want. They’re strongly against mods for the weirdest reason, I mean what the hell man, you would get even more plays and diversity in the game if you allowed or encouraged it. This game was fun and interesting at one point. It was janky, but more so in a lovable way, where you could tell it was a little rough, but made with love. But recently, with all the unnecessary changes, the way the dev team acts towards us, and the way the game is handled as a whole, the past 2 or so years leaves such a bad taste in my mouth, and the game feels more like a chore now than anything. 4/10 for me",290,1500,4.888844237042334,True,True,True,True,True,False,False,False
Phasmophobia,,76561198116803152,227540064,2026-06-09,Not Recommended,43.4 hrs on record,43.4,Casual,0,0,0.5,0.0,english,True,False,True,"pretty much unplayable now, focused on the wrong things first. Why try to update graphics before adding dynamism to the game? the death animations have lost all impact and are just the same old garbage. There are so many ghosts each should have different types of animations... another case of tired devs and failed potential",55,325,3.7932394694381792,False,True,True,False,False,False,False,False
Phasmophobia,,76561199827773184,227539473,2026-06-09,Recommended,13.2 hrs on record,13.2,Casual,0,0,0.5,0.0,english,False,False,True,ghost scary good with friends ( i think? ),9,42,2.653241964607215,False,False,False,True,False,False,False,False
Phasmophobia,,76561198875832832,227538832,2026-06-09,Recommended,31.4 hrs on record,31.4,Casual,0,0,0.5,0.0,english,True,False,True,YURT,1,4,3.4781584227982836,False,False,False,False,False,False,True,False
Phasmophobia,,76561199143722448,227538017,2026-06-09,Recommended,81.2 hrs on record,81.2,Regular,0,0,0.5,0.0,english,True,False,True,gooood gameeee,2,14,4.409155302062135,False,False,False,False,False,False,True,False
Phasmophobia,,76561199625608688,227537821,2026-06-09,Recommended,7.1 hrs on record,7.1,New,0,0,0.5,0.0,english,True,False,True,GOOD GAME,2,9,2.0918640616783932,False,False,False,True,False,False,True,False
Phasmophobia,,76561198045113840,227537459,2026-06-09,Recommended,9.7 hrs on record,9.7,New,0,0,0.5,0.0,english,True,False,True,Spooky. Funny. Good.,3,20,2.3702437414678603,False,False,False,True,False,False,True,False
Phasmophobia,,76561198828277808,227537145,2026-06-09,Recommended,70.9 hrs on record,70.9,Regular,0,0,0.5,0.0,english,True,False,True,i dont know why these things are so angry murder is a bit much,14,62,4.275276264727001,False,False,False,False,False,False,False,False
Phasmophobia,,76561198082058096,227535299,2026-06-09,Not Recommended,74.5 hrs on record,74.5,Regular,8,0,0.5942458510398864,0.0,english,False,False,True,"how does this game feel less polished than it did 3 years ago? the animations are awful, the controls are somehow worse, and the equipment is ♥♥♥♥. what the ♥♥♥♥ happened?",31,171,4.324132656254979,False,True,False,False,True,False,False,False
Phasmophobia,,76561198404559008,227535285,2026-06-09,Not Recommended,236.5 hrs on record,236.5,Veteran,0,0,0.5,0.0,english,True,False,True,I used to really love this game but now it's borderline unplayable.,12,67,5.470167623474696,True,False,True,True,False,True,False,False
Phasmophobia,,76561198829316800,227535092,2026-06-09,Recommended,9.2 hrs on record,9.2,New,0,0,0.5,0.0,english,True,False,True,Spooky scary,2,12,2.322387720290225,False,False,False,True,False,False,True,False
Phasmophobia,,76561199530424048,227534199,2026-06-09,Recommended,71.1 hrs on record,71.1,Regular,0,0,0.5,0.0,english,True,False,True,.,1,1,4.278054044290903,False,False,False,False,False,False,True,False
Phasmophobia,,76561198348626608,227533115,2026-06-09,Not Recommended,203.1 hrs on record,203.1,Veteran,2,0,0.5258620381355285,1.0,english,True,False,True,the last update really made this game feel like a scuffed knock off of itself the game weirdly looks worse along side running worse i ran mid to high settings for phas but this update those same settings would crash and freeze my pc phas was a great game but as of current update its just bad.,57,293,5.318610069815799,True,True,True,True,True,False,False,False
Phasmophobia,,76561199455452144,227532525,2026-06-09,Recommended,4.3 hrs on record,4.3,New,0,0,0.5,1.0,english,True,False,True,Hunting ghosts but the ghosts are also hunting me,9,49,1.667706820558076,False,False,False,False,False,False,False,False
Phasmophobia,,76561199144153968,227532165,2026-06-09,Not Recommended,248.3 hrs on record,248.3,Veteran,0,0,0.5,1.0,english,False,False,True,"I can no longer recommend this game. It was hard to before, but there was a point in time where I played it almost daily with my friend and any time it would break or have issues we would just kind of laugh and say ""well it's in early access,"" even if the issues ruined our games. However in its current state Phasmophobia is basically unplayable. It seems every time the game is updated it's shipped out in a worse and worse state, with unpolished content the community has been waiting years for. I literally just can't defend a game I can't even play.",104,554,5.518656990529513,True,True,True,True,True,True,False,False
Phasmophobia,,76561199051746688,227532088,2026-06-09,Recommended,205.4 hrs on record,205.4,Veteran,0,0,0.4741379022598266,0.0,english,True,False,True,love,1,4,5.329816033607408,True,False,False,True,False,False,True,False
Phasmophobia,,76561198142140864,227531647,2026-06-09,Recommended,7.5 hrs on record,7.5,New,0,0,0.5,0.0,english,True,False,True,spooky,1,6,2.1400661634962708,False,False,False,False,False,False,True,False
Phasmophobia,,76561198180706416,227529856,2026-06-09,Not Recommended,179.6 hrs on record,179.6,Veteran,0,0,0.5,0.0,english,True,False,True,just not a good game. has been stagnant for a long time and the last update just feels lazy and unpolished,21,106,5.196284640982885,True,True,False,True,False,False,False,False
Phasmophobia,,76561199883067616,227529356,2026-06-09,Recommended,33.3 hrs on record,33.3,Casual,0,0,0.5,0.0,english,True,False,True,Very fun game to play with friends,7,34,3.535145354171894,False,False,False,True,False,False,False,False
Phasmophobia,,76561199034902336,227528527,2026-06-09,Recommended,715.9 hrs on record,715.9,Hardcore,0,0,0.5,0.0,english,True,False,True,I love this game,4,16,6.5749363608588265,True,False,False,True,False,False,True,False
Phasmophobia,,76561199312194448,227527874,2026-06-09,Recommended,9.2 hrs on record,9.2,New,0,1,0.5,0.0,english,True,False,True,boo,1,3,2.322387720290225,False,False,False,False,False,False,True,False
Phasmophobia,,76561199386571008,227527647,2026-06-09,Not Recommended,44.5 hrs on record,44.5,Casual,1,0,0.5,0.0,english,True,False,True,"Its the most ok game ive played, the gameplay loops is identical for each run and the photo system is just poorly designed (just take the highest quality pictures only, its not hard Kinetic discarding photos is just unneeded). There is zero reason to use half the equipment or set up zones in a map because the ghost is usually just in a single room that almost never shifts. Difficulty has no real affect on ghost behavior other than aggression and is usually just handicaps on yourself stat wise like zero sanity or obnoxious modes like no evidence. All in all cool concept but wasted potential.",106,597,3.817712325956905,False,False,False,False,False,False,False,False
Phasmophobia,,76561199857057664,227526831,2026-06-09,Recommended,14.6 hrs on record,14.6,Casual,0,1,0.5,0.0,english,True,False,True,the hantu bent me over and abused me from behind,10,48,2.747270914255491,False,False,False,False,False,False,False,False
Phasmophobia,,76561199487442304,227526588,2026-06-09,Recommended,1344.7 hrs on record,1344.7,Hardcore,0,1,0.5,0.0,english,False,False,True,One of the best games out there at the moment! So stoked to see it become a movie!,18,82,7.2046696027474955,True,False,False,True,False,False,False,False
Phasmophobia,,76561199003792160,227526161,2026-06-09,Recommended,12.4 hrs on record,12.4,Casual,0,0,0.5,0.0,english,True,False,True,A great time with friends. Easy to have fun with but challenging when you really start to get into the leveling and mission requirements.,24,137,2.5952547069568657,False,False,False,True,False,False,False,False
Phasmophobia,,76561199831101520,227524467,2026-06-09,Recommended,25.9 hrs on record,25.9,Casual,0,0,0.5,0.0,english,True,False,True,"learning curve is tough, but fun with friends",8,45,3.292126286607793,False,False,False,True,False,False,False,False
Phasmophobia,,76561199134676704,227523846,2026-06-09,Recommended,11.7 hrs on record,11.7,Casual,0,0,0.5,0.0,english,False,True,True,"Got this game for free from a friend, really fun game overall - (if you know what your doing)",19,93,2.5416019934645457,False,False,False,True,False,False,False,False
Phasmophobia,,76561199846306160,227523653,2026-06-09,Recommended,3.1 hrs on record,3.1,New,0,0,0.5,0.0,english,True,False,True,good,1,4,1.410986973710262,False,False,False,True,False,False,True,False
