review_id,actual,predicted,prediction_confidence,review_text,selection_rule
R0179,Mixed,Negative_only,0.3645334480589305,"The game itself is super cool and easily worth playing... ...after they fix all of the blatant bugs they've more recently introduced into the game. I'll correct my review to ""recommended"" if they fix their plethora of bugs to ""consistently playable"".","Up to two lowest-confidence locked-test errors per actual/predicted pair; ties broken by review_id. Diagnostic sample, not representative."
R0112,Mixed,Negative_only,0.4421248290066609,it was good before new update sucks make settings to change things back to original,"Up to two lowest-confidence locked-test errors per actual/predicted pair; ties broken by review_id. Diagnostic sample, not representative."
R0164,Mixed,Neutral_non_evaluative,0.3816449908558699,Very Good! Could use some animation fixes and also a few more unique scary ghost interactions,"Up to two lowest-confidence locked-test errors per actual/predicted pair; ties broken by review_id. Diagnostic sample, not representative."
R0146,Mixed,Neutral_non_evaluative,0.4065175100579421,spooky. should be better optimized. both performance and networking.,"Up to two lowest-confidence locked-test errors per actual/predicted pair; ties broken by review_id. Diagnostic sample, not representative."
R0193,Negative_only,Mixed,0.3704245116883206,"Phasmophobia might just be one of the most neglected games of all time. There is so much potential, but their dev team are absolutely HORRENDOUS at meeting deadlines, and even when they do, they come out with mediocre result. They've had their fair share of excuses, but it is getting out of line. There are TOO many bugs, TOO many hackers, and this one guy called BiscuitBum who lurks on their servers and won't stop threatening to tickle the soles of my feet. Sort. It. Out.","Up to two lowest-confidence locked-test errors per actual/predicted pair; ties broken by review_id. Diagnostic sample, not representative."
R0133,Negative_only,Positive_only,0.3393179857706566,Slop,"Up to two lowest-confidence locked-test errors per actual/predicted pair; ties broken by review_id. Diagnostic sample, not representative."
R0083,Neutral_non_evaluative,Mixed,0.3219063357125801,"Who ya gonna call? Not the ghost busters, they're really expensive. Just get the local occult culb to deal with it.","Up to two lowest-confidence locked-test errors per actual/predicted pair; ties broken by review_id. Diagnostic sample, not representative."
R0188,Neutral_non_evaluative,Mixed,0.4071729795029249,play with frinds but not with ones that count as 3 people,"Up to two lowest-confidence locked-test errors per actual/predicted pair; ties broken by review_id. Diagnostic sample, not representative."
R0003,Positive_only,Mixed,0.4869152012800443,"very buggy but ngl that's one reason why i love this game. it's very addicting. its fun to do the research and learn new was to play this game. it is scary at first and to be honest I still jumped scared. but it is very fun if you enjoy puzzle horror game, I recommend it alot.","Up to two lowest-confidence locked-test errors per actual/predicted pair; ties broken by review_id. Diagnostic sample, not representative."
R0192,Positive_only,Negative_only,0.4192976857563357,played this game since early release days and im still in love with every aspect of the game,"Up to two lowest-confidence locked-test errors per actual/predicted pair; ties broken by review_id. Diagnostic sample, not representative."
R0259,Positive_only,Neutral_non_evaluative,0.3560358932590622,"Walked in room,saw friend doing a ritual,woke up my sister from chanting,got strangled,hopped on phasmaphobia 10\10","Up to two lowest-confidence locked-test errors per actual/predicted pair; ties broken by review_id. Diagnostic sample, not representative."
R0131,Positive_only,Neutral_non_evaluative,0.4063001468486591,good game scary though,"Up to two lowest-confidence locked-test errors per actual/predicted pair; ties broken by review_id. Diagnostic sample, not representative."
