player_group,sentiment_group,review_count,percentage_within_player_group
Casual,Mixed,13,22.41
Casual,Negative,13,22.41
Casual,Neutral/Unclear,12,20.69
Casual,Positive,20,34.48
Hardcore,Mixed,3,18.75
Hardcore,Negative,10,62.5
Hardcore,Positive,3,18.75
New,Mixed,2,7.41
New,Negative,4,14.81
New,Neutral/Unclear,2,7.41
New,Positive,19,70.37
Regular,Mixed,6,22.22
Regular,Negative,6,22.22
Regular,Neutral/Unclear,5,18.52
Regular,Positive,10,37.04
Veteran,Mixed,7,16.28
Veteran,Negative,30,69.77
Veteran,Neutral/Unclear,2,4.65
Veteran,Positive,4,9.3
