actual_label,predicted_label,error_type,recommendation,primary_category,secondary_category,mismatch_type,annotation_notes,word_count,helpful_count,funny_count,analysis_review,error_priority,review_preview
Positive,Mixed,Positive → Mixed,Recommended,Genuine Positive,Meme / Joke Review,Aligned Positive,Long comedic review but overall clearly praises the game.,251,0,0,"Phasmophobia is exactly the kind of ghost-hunting chaos I want. The problem is that I have no friends to play it with. Which is rude, because this game is clearly built for group panic. I want to walk into a haunted house with a flashlight, a dream, and the confidence of someone who has watched way too much Sam and Colby. I want to ask ghosts disrespectful questions, immediately regret it, and then scream because something moved in the kitchen. The whole setup is so good. You gather evidence, use equipment, watch for signs, try to figure out what kind of ghost you are dealing with, and then attempt to leave before it turns your investigation into a funeral announcement. It is creepy, funny, stressful, and so much better when everyone is panicking together. One person is trying to be serious. One person is already hiding in the van. One person is yelling the ghost’s name like they have never heard of consequences. That is the dream. Even without a full group, I still love the idea of it. The atmosphere is tense, the ghost mechanics are fun, and every investigation feels like it could go from “we are professionals” to “absolutely not, goodbye” in half a second. Phasmophobia lets me live my Sam and Colby dreams, or at least it would if my friends would get their lives together and play with me. Until then, I am just standing outside the haunted house with equipment, trust issues, and no backup.",1.0,"Phasmophobia is exactly the kind of ghost-hunting chaos I want. The problem is that I have no friends to play it with. Which is rude, because this game is clearly built for group panic. I want to walk into a haunted house with a flashlight, a dream, and the confidence of someone who has watched way too much Sam and Colby. I want to ask ghosts disre"
Positive,Mixed,Positive → Mixed,Recommended,Genuine Positive,Meme / Joke Review,Aligned Positive,"Positive overall; sadness is about playtime moving past 66.6 hours, not game dissatisfaction.",55,0,0,I've literally played this game for 66.6 hours. Thats on theme for this game. I'm sad that the next time I play it will roll over but just know this game is incredibly fun and challenging + the community is like no other. I've made several friends just playing this game in public lobbies. ENJOY!,1.0,I've literally played this game for 66.6 hours. Thats on theme for this game. I'm sad that the next time I play it will roll over but just know this game is incredibly fun and challenging + the community is like no other. I've made several friends just playing this game in public lobbies. ENJOY!
Positive,Mixed,Positive → Mixed,Recommended,Genuine Positive,,Aligned Positive,Straightforward positive Recommended review.,17,0,0,the only thing i was certain was the what ever it was it wanted me gone 10/10,1.0,the only thing i was certain was the what ever it was it wanted me gone 10/10
Positive,Mixed,Positive → Mixed,Recommended,Genuine Positive,,Aligned Positive,Straightforward positive Recommended review.,16,0,0,it is a great game to play and really gives the horror vibe while ghost hunting,1.0,it is a great game to play and really gives the horror vibe while ghost hunting
Positive,Mixed,Positive → Mixed,Recommended,Genuine Positive,,Aligned Positive,Straightforward positive Recommended review.,11,0,0,i just think its a good game but hard too play,1.0,i just think its a good game but hard too play
Positive,Mixed,Positive → Mixed,Recommended,Genuine Positive,Low Information,Aligned Positive,Positive.,5,0,0,Great game and great devs.,1.0,Great game and great devs.
Mixed,Positive,Mixed → Positive,Recommended,Mixed Positive,Positive with Minor Complaint,Soft Mismatch: Recommended but Mixed Text,Still recommends the game while acknowledging customization issues.,44,0,0,"Still slaps to this day,yes some customization sucks but remember you play this for the plot so stick to that and you will be satisfied with your purchase. Also works with low spec PC's pretty surprisingly aswell,not incredibly optimized but exceptionally done so far.",2.0,"Still slaps to this day,yes some customization sucks but remember you play this for the plot so stick to that and you will be satisfied with your purchase. Also works with low spec PC's pretty surprisingly aswell,not incredibly optimized but exceptionally done so far."
Mixed,Positive,Mixed → Positive,Recommended,Mixed Positive,Bug Complaint,Soft Mismatch: Recommended but Mixed Text,Strongly positive overall but bugs/glitches harm experience.,39,0,0,best co-op horror game i have been ever seen to play with friends but this game contains many glitches and bugs that makes users experience a little bit bad and i hope they will fix the bugs and glitches,2.0,best co-op horror game i have been ever seen to play with friends but this game contains many glitches and bugs that makes users experience a little bit bad and i hope they will fix the bugs and glitches
Mixed,Negative,Mixed → Negative,Not Recommended,Mixed Negative,Update Backlash,Soft Mismatch: Not Recommended but Mixed Text,"Still thinks the older/non-updated version is good, but rejects the latest update.",22,0,0,"I still have not let Steam update Phasmo to the latest horrible Alan Wake mess, that's why I think it's still good.",3.0,"I still have not let Steam update Phasmo to the latest horrible Alan Wake mess, that's why I think it's still good."
Mixed,Negative,Mixed → Negative,Recommended,Mixed Negative,Recommendation Mismatch Candidate,Soft Mismatch: Recommended but Mixed Text,Recommended label but says the new update sucks and asks for original settings.,15,0,0,it was good before new update sucks make settings to change things back to original,3.0,it was good before new update sucks make settings to change things back to original
Negative,Mixed,Negative → Mixed,Not Recommended,Bug / Gameplay Degradation,Performance / Stability Complaint,Aligned Negative,"Not Recommended review focuses on bugs, lag, crashes, or degraded gameplay experience.",35,1,0,"Great game Idea, but very bad servers and bugs. Settings reset all the time I re-open the game. Random ""lost connection to server"" even tho my internet is perfectly fine, incense doesnt protect sometimes, etc.",4.0,"Great game Idea, but very bad servers and bugs. Settings reset all the time I re-open the game. Random ""lost connection to server"" even tho my internet is perfectly fine, incense doesnt protect sometimes, etc."
Neutral/Unclear,Positive,Neutral/Unclear → Positive,Recommended,Low Information,Low Information,Ambiguous / Low Information,Question-like one-word review with unclear sentiment.,1,0,0,scary?,5.0,scary?
Positive,Negative,Positive → Negative,Recommended,Genuine Positive,Developer Praise,Aligned Positive,Positive evaluation of the game and developers adding content.,26,0,0,phasmophobia is a fairly well made game where the devs seem to somewhat care about the comunity and have contiunously added new content throughout the years,99.0,phasmophobia is a fairly well made game where the devs seem to somewhat care about the comunity and have contiunously added new content throughout the years
Positive,Neutral/Unclear,Positive → Neutral/Unclear,Recommended,Genuine Positive,,Aligned Positive,Straightforward positive Recommended review.,7,0,0,saw the ghost got scared and left,99.0,saw the ghost got scared and left
Mixed,Neutral/Unclear,Mixed → Neutral/Unclear,Recommended,Mixed Negative,Non-English / Solo Complaint,Soft Mismatch: Recommended but Mixed Text,Russian text roughly indicates solo play is not enjoyable.,4,0,0,в соло не кайф,99.0,в соло не кайф
