example_group,recommendation,actual_sentiment,primary_category,secondary_category,mismatch_group,player_group,playtime_hours,word_count,engagement_score,analysis_review,review_preview
Soft Mismatch,Not Recommended,Mixed,Mixed Negative,Bug Complaint,Soft Mismatch,Veteran,160.6,41,1,"The game itself is super cool and easily worth playing... ...after they fix all of the blatant bugs they've more recently introduced into the game. I'll correct my review to ""recommended"" if they fix their plethora of bugs to ""consistently playable"".","The game itself is super cool and easily worth playing... ...after they fix all of the blatant bugs they've more recently introduced into the game. I'll correct my review to ""recommended"" if they fix their plethora of bugs to ""consistently playable""."
Soft Mismatch,Recommended,Mixed,Mixed Positive,Positive with Minor Complaint,Soft Mismatch,Casual,14.0,21,1,"great game, loved it for a while, the update is buggy but i have faith in the devs to fix it","great game, loved it for a while, the update is buggy but i have faith in the devs to fix it"
Soft Mismatch,Not Recommended,Mixed,Mixed Negative,Performance Issue,Soft Mismatch,New,6.0,17,1,"too lagy, too big, somehow always crashes, too slow. good game, but i have a bad pc","too lagy, too big, somehow always crashes, too slow. good game, but i have a bad pc"
Soft Mismatch,Recommended,Mixed,Mixed Positive,Community Defense,Soft Mismatch,Hardcore,311.7,205,0,"I should preface this review by saying that I’ve only been playing this game for the past year or so, so whilst there are a considerable number of players who have a legitimate gripe about this game being stuck in early-access Hell, I can’t count myself amongst them, although that being said, I do see their side of things. If you love ghost hunting or just the paranormal in general, this game is for you. And for those that aren’t, don’t worry; it’s a great game to play with friends, especially if you’re looking for something spooky, on the cheaper side, and with great replayability. Recent updates have been… janky to say the least, and there are inconsistencies with the mechanics that do need addressing. However, the team behind it is actively adding new updates/events pretty consistently, so some turbulence is to be expected. The new character model system has been especially devicive, but don’t let that put you off; as long as you’re not expecting in-depth character customization, you should be fine. At the end of the day, for £16, I feel I’ve gotten way more than my money’s worth out of it and will continue to do so. I hope you do too!","I should preface this review by saying that I’ve only been playing this game for the past year or so, so whilst there are a considerable number of players who have a legitimate gripe about this game being stuck in early-access Hell, I can’t count myself amongst them, although that being said, I do see their side of things. If you love ghost hunting"
Soft Mismatch,Recommended,Mixed,Mixed Negative,Recommendation Mismatch Candidate,Soft Mismatch,Regular,66.0,194,0,"Old Phas - 8.5/10 New Phas- 6.5/10 A pioneer in it's genre with many clones released as a result. Was very fun at launch and would easily make you feel uneasy thinking there's ghosts in your house, and is insane in VR, but lost me around 2022. I enjoy watching it on YouTube more than playing it these days. So many different items to learn and way too many ghost types, you have to memorize a textbook and no-life grind it to learn all the traits and you'll likely get your neck snapped 300 times before you get there. 90% of the time you'll get 2 pieces of evidence and just sit there waiting until the 3rd one appears after half the team is already dead. The most recent new animation update isn't too bad and it seems like the economy was improved a bit but I enjoy going back and playing the early versions from SteamDB more. Trolling around in lobbies is more entertaining than the base game, that is, if you can find a lobby that's not a boosting lobby. If you've never played it before you'll probably enjoy it still though.","Old Phas - 8.5/10 New Phas- 6.5/10 A pioneer in it's genre with many clones released as a result. Was very fun at launch and would easily make you feel uneasy thinking there's ghosts in your house, and is insane in VR, but lost me around 2022. I enjoy watching it on YouTube more than playing it these days. So many different items to learn and way t"
Ambiguous / Low Information,Not Recommended,Neutral/Unclear,Feature Request,Low Information,Ambiguous / Low Information,Veteran,254.9,4,4,We need a workshop,We need a workshop
Ambiguous / Low Information,Recommended,Neutral/Unclear,Low Information,Low Information,Ambiguous / Low Information,Casual,40.7,5,2,i gave my friend diharrea,i gave my friend diharrea
Ambiguous / Low Information,Recommended,Neutral/Unclear,Meme / Joke Review,Low Information,Ambiguous / Low Information,Casual,14.6,10,1,the hantu bent me over and abused me from behind,the hantu bent me over and abused me from behind
Ambiguous / Low Information,Recommended,Neutral/Unclear,Meme / Joke Review,Gameplay Anecdote,Ambiguous / Low Information,Casual,44.2,6,1,very fun and gave me diarea,very fun and gave me diarea
Ambiguous / Low Information,Recommended,Neutral/Unclear,Meme / Joke Review,Gameplay Anecdote,Ambiguous / Low Information,Casual,21.4,31,0,Our professional ghost hunting team can take on an infestation of any level. Especially if it is the mimic. I have a special can of salt with his name on it.,Our professional ghost hunting team can take on an infestation of any level. Especially if it is the mimic. I have a special can of salt with his name on it.
Mourning,Not Recommended,Negative,Mourning,Update Backlash,Aligned Negative,Veteran,101.0,57,11,"Multi-million dollars studio that acts aimlessly with their golden goose, lack of consistent updates and very terrible decisions in recent times. They killed my enjoyement of the game with the most recent animation update and their response to the community's backlash was out of touch, I'd personally advise to avoid buying the game for the time being.","Multi-million dollars studio that acts aimlessly with their golden goose, lack of consistent updates and very terrible decisions in recent times. They killed my enjoyement of the game with the most recent animation update and their response to the community's backlash was out of touch, I'd personally advise to avoid buying the game for the time bei"
Mourning,Not Recommended,Negative,Mourning,Update Backlash; Developer Criticism,Aligned Negative,Hardcore,465.0,189,6,Can honestly say that since the character update. The game has gone downhill. I use to love playing this game every day with my friend and now it's just whenever we feel like playing it now. When events start and end. Kinetic doesn't remove all the event effects and details. You can see visuals still from previous events. Took them awhile just to get rid of the Easter visuals just before the Alan wake event and event that one was just bland and boring with no lobby trophy for completing it. When you hold a flashlight in the other hand you just look stupid holding it with the bone breaking physics. Why get rid of the shoulder light when having a flashlight in your inventory? Makes absolutely no sense to be holding it arm completely extended forward and in your view. Spirit box doesn't pick up your microphone that well now. Prior to character update. It always picked up my voice. After the update it hardly picks it up to the point I am yelling or having to turn my gain all the way up. Fix your game kinetic.,Can honestly say that since the character update. The game has gone downhill. I use to love playing this game every day with my friend and now it's just whenever we feel like playing it now. When events start and end. Kinetic doesn't remove all the event effects and details. You can see visuals still from previous events. Took them awhile just to g
Mourning,Not Recommended,Negative,Mourning,Update Backlash; Bug / Gameplay Degradation; Developer Criticism,Aligned Negative,Casual,28.6,143,5,"This game really use to be great. There's a reason why I keep coming back to play it. However, the last few updates have really ruined the game. From broken models to trash immersion features. In all honesty, the game just looks terrible now. If you hold something in your character's hand and get close to your friend's face your arm suddenly looks smaller than their head. Do they just add things and expect them to work or look good? Whatever passion or care the devs put into the game has vanished. It feels like the devs don't even care about this game anymore. There are some aspects of the game that still feel the same. However, I feel like it's getting harder to recommend this game to my other friends. If the devs continue on this route, I may just stop playing.","This game really use to be great. There's a reason why I keep coming back to play it. However, the last few updates have really ruined the game. From broken models to trash immersion features. In all honesty, the game just looks terrible now. If you hold something in your character's hand and get close to your friend's face your arm suddenly looks "
Mourning,Not Recommended,Negative,Mourning,Update Backlash,Aligned Negative,Hardcore,476.6,418,3,"I used to really love playing this game, but it seems the devs have just been making questionable decisions ever since the item update. Rather than rework maps that no one likes, like school or prison, they reworked a beloved map. I actually like new Tanglewood, but it feels like they only did that because it was much easier to rework than a bigger map. The new update with character customization, which is when I'm writing this, added a load of new weird things I wish didn't make it to live. Using items now feels sluggish and can often be detrimental for survival when the ghost spawns right next to you to hunt. Wanna use incense? Hope you like the 1 second long animation before it gets going. Wanna use T3 salt to slow the ghost? Another 1 second animation. The way a lot of items are held now also bothers me as I can barely read the details some of the items have on their display now. It's so tiny and low resolution due to the distance from the camera that it makes it difficult to actually use stuff like T1 thermometer or even T3 sound recorder. Holding a video camera on a tripod also sucks since the screen on the camera is insanely tiny while holding JUST the camera puts it WAAAAY too close to my screen and I can't see anything but the little screen. The new character animations are broken and look worse than the placeholder ones we had. Someone turns around and the legs break. The arms and wrists look broken when holding most items, etc. To top it all off, they somehow broke dropping items. I've essentially gotten softlocked almost every job since the update since dropping an item is a gamble on whether or not it falls through the map. Goodbye perfect hunts. There's also still the bug of getting 3 evidence for one ghost, but it's a completely different ghost, and no, I'm not talking about a mimic. I mean getting 3 evidence for a wraith, but it somehow ends up being a spirit despite having proof that all the evidence wasn't for spirit. It's a shame because this game was a lot of fun to me, even on solo. It's still fun at its core, but with each new update comes a new issue that actively harms gameplay. I really hope the devs actually fix the bigger problems instead of focusing on small things because they're easier to do.","I used to really love playing this game, but it seems the devs have just been making questionable decisions ever since the item update. Rather than rework maps that no one likes, like school or prison, they reworked a beloved map. I actually like new Tanglewood, but it feels like they only did that because it was much easier to rework than a bigger"
Mourning,Not Recommended,Negative,Mourning,Update Backlash,Aligned Negative,Veteran,125.5,166,3,"Phas had a special jankyness that brought a little charm to the game. Only thing they ever needed to fix was loading screen bugs and ghosts not functioning properly. The community asks for workshop or for more maps that make sense at the very least, just a few character customization options, more equipment, etc. Instead we got poop from a butt because the devs think they know better. This game has been downhill since they added the â¥â¥â¥â¥â¥â¥â¥ loadouts and bad way to add stuff to the truck. Quite literally the worst change to a game I've ever seen in my life. ""hey this exceedingly simple way to buy and add stuff to the truck looks a little plain, lets completely overhaul it and make it a guessing game as to what you just bought and to where it just went on the screen."" If we got a team of 5th graders to make a roadmap for this game we truly would have a better turnout.","Phas had a special jankyness that brought a little charm to the game. Only thing they ever needed to fix was loading screen bugs and ghosts not functioning properly. The community asks for workshop or for more maps that make sense at the very least, just a few character customization options, more equipment, etc. Instead we got poop from a butt bec"
Update Backlash,Not Recommended,Negative,Update Backlash,Update Complaint,Aligned Negative,Regular,74.5,31,8,"how does this game feel less polished than it did 3 years ago? the animations are awful, the controls are somehow worse, and the equipment is ♥♥♥♥. what the ♥♥♥♥ happened?","how does this game feel less polished than it did 3 years ago? the animations are awful, the controls are somehow worse, and the equipment is ♥♥♥♥. what the ♥♥♥♥ happened?"
Update Backlash,Not Recommended,Negative,Update Backlash,Developer Criticism,Aligned Negative,Veteran,162.8,179,6,"So were supposed to get character customization and yet we only got a bunch of random assets thrown together. The game has been out for over a half a decade and yet it feels more and more early access as more updates gets out. just revert back to the old update with the old characters and old maps- legit no one asked for these revamps and changes. If you gotta put in a character customization then do it right as you promised years ago. + half of the time ghosts does their ""special power or interactions"" it does not prove to be the right ghost anyway due to small changes that no one knows about unless you prob read their discord. The game was great at the point where you would go to the door in the lobby and a ghost would sneeze. But feels like the devs does not give a "" "" about what fans and the community wants and rather just want to print out random plushies and music box merch instead of fixing their game.",So were supposed to get character customization and yet we only got a bunch of random assets thrown together. The game has been out for over a half a decade and yet it feels more and more early access as more updates gets out. just revert back to the old update with the old characters and old maps- legit no one asked for these revamps and changes. 
Update Backlash,Not Recommended,Negative,Update Backlash,Developer Criticism,Aligned Negative,Regular,65.4,166,4,"This last update was a mess. It's been on the roadmap since 2022 yet the devs keep saying it was rushed at every turn. An update that is a flawed mess of so called features. If you like awful AI like animations and a dev team that will lie about the poor quality of updates and then deflect when called out for the lie, this is the game for you. If you don't want your model's hand in the middle of your screen or motion sickness from janky movement, The Other Side is a much better alternative. Also the cosmetics reset when you prestige so not only are they costly in game currency wise, but you cant even hold onto them if you want to get a new ID card for your account. I have played this game since before DOTs was an evidence type and with this update and the devs response to the blowback, I cant in good faith recommend this game to anyone.","This last update was a mess. It's been on the roadmap since 2022 yet the devs keep saying it was rushed at every turn. An update that is a flawed mess of so called features. If you like awful AI like animations and a dev team that will lie about the poor quality of updates and then deflect when called out for the lie, this is the game for you. If y"
Update Backlash,Not Recommended,Negative,Update Backlash,Bug / Gameplay Degradation; Developer Criticism,Aligned Negative,Veteran,146.7,152,4,"Phasmophobia can be a fun game to play as solo or with your friends... that's if it even works half the time, the player customization has proven me that the developers are not listening to criticism and despite having millions and millions of dollars earned from this game, the recent update that changed the characters animation looks horrible and has introduced a TON of bugs. It's very evidently proven that this game was released on early access in 2020, and YET by the time I'm writing this nearly 6 years later, it still is in early access. I truly do wish this game can get better and the developers actually start listening to the community, but it doesn't seem like it. The optimization has also gotten so bad since the player customization update, that the amount of times it takes just for me to be taken back to the lobby screen sucks.","Phasmophobia can be a fun game to play as solo or with your friends... that's if it even works half the time, the player customization has proven me that the developers are not listening to criticism and despite having millions and millions of dollars earned from this game, the recent update that changed the characters animation looks horrible and "
Update Backlash,Not Recommended,Negative,Update Backlash,Developer Criticism,Aligned Negative,Hardcore,630.3,105,4,"Boycott until the jank is fixed. They company has made 2 million some odd dollars from this game, early access( 6 years) , lack lustre updates that take months at a time and when we do get the updates they are broken, shallow or just plain boring . Idk what happened to the phasmo of yore but something needs to happen and CJâs message to put the blame on others and told us to â get used to it, itâs not that bad once you play it enough â essentially * once you swim in â¥â¥â¥â¥ for long enough you wonât realize youâre in â¥â¥â¥â¥*","Boycott until the jank is fixed. They company has made 2 million some odd dollars from this game, early access( 6 years) , lack lustre updates that take months at a time and when we do get the updates they are broken, shallow or just plain boring . Idk what happened to the phasmo of yore but something needs to happen and CJâs message to put the b"
Bug / Gameplay Degradation,Not Recommended,Negative,Bug / Gameplay Degradation,Performance / Stability Complaint,Aligned Negative,Casual,41.5,23,4,"It's insane how they manage to make the game play worse, have more bugs and look worse the longer the development goes on.","It's insane how they manage to make the game play worse, have more bugs and look worse the longer the development goes on."
Bug / Gameplay Degradation,Not Recommended,Negative,Bug / Gameplay Degradation,Update Backlash,Aligned Negative,Casual,11.3,58,3,"Weird animations, broken game, â¥â¥â¥â¥â¥â¥ models replacing the golden ones. This update â¥â¥â¥â¥â¥â¥ up the game and made it unplayable and unenjoyable, how does a company with a budget in the millions churn out something so unpolished and unfinished while other groups in the same boat do it fine with no questions? If I could refund, I would.","Weird animations, broken game, â¥â¥â¥â¥â¥â¥ models replacing the golden ones. This update â¥â¥â¥â¥â¥â¥ up the game and made it unplayable and unenjoyable, how does a company with a budget in the millions churn out something so unpolished and unfinished while other groups in the same boat do it fine with no questions? If I could refund, "
Bug / Gameplay Degradation,Not Recommended,Negative,Bug / Gameplay Degradation,Performance / Stability Complaint,Aligned Negative,Veteran,117.0,86,2,"Phasmophobia might just be one of the most neglected games of all time. There is so much potential, but their dev team are absolutely HORRENDOUS at meeting deadlines, and even when they do, they come out with mediocre result. They've had their fair share of excuses, but it is getting out of line. There are TOO many bugs, TOO many hackers, and this one guy called BiscuitBum who lurks on their servers and won't stop threatening to tickle the soles of my feet. Sort. It. Out.","Phasmophobia might just be one of the most neglected games of all time. There is so much potential, but their dev team are absolutely HORRENDOUS at meeting deadlines, and even when they do, they come out with mediocre result. They've had their fair share of excuses, but it is getting out of line. There are TOO many bugs, TOO many hackers, and this "
Bug / Gameplay Degradation,Not Recommended,Negative,Bug / Gameplay Degradation,Performance / Stability Complaint,Aligned Negative,Casual,47.4,35,1,"Great game Idea, but very bad servers and bugs. Settings reset all the time I re-open the game. Random ""lost connection to server"" even tho my internet is perfectly fine, incense doesnt protect sometimes, etc.","Great game Idea, but very bad servers and bugs. Settings reset all the time I re-open the game. Random ""lost connection to server"" even tho my internet is perfectly fine, incense doesnt protect sometimes, etc."
Genuine Positive,Recommended,Positive,Genuine Positive,Low Information,Aligned Positive,Casual,30.5,6,2,it is very good and nice,it is very good and nice
Genuine Positive,Recommended,Positive,Genuine Positive,,Aligned Positive,Hardcore,1344.7,18,1,One of the best games out there at the moment! So stoked to see it become a movie!,One of the best games out there at the moment! So stoked to see it become a movie!
Genuine Positive,Recommended,Positive,Genuine Positive,,Aligned Positive,Casual,40.7,12,1,play with frinds but not with ones that count as 3 people,play with frinds but not with ones that count as 3 people
Genuine Positive,Recommended,Positive,Genuine Positive,,Aligned Positive,Regular,68.0,10,1,"fun game, also writing this at 67 hours, 6 7","fun game, also writing this at 67 hours, 6 7"
Genuine Positive,Recommended,Positive,Genuine Positive,Low Information,Aligned Positive,Casual,19.9,5,1,best horror co op game,best horror co op game
Meme / Joke Review,Recommended,Neutral/Unclear,Meme / Joke Review,Low Information,Ambiguous / Low Information,Casual,14.6,10,1,the hantu bent me over and abused me from behind,the hantu bent me over and abused me from behind
Meme / Joke Review,Recommended,Neutral/Unclear,Meme / Joke Review,Gameplay Anecdote,Ambiguous / Low Information,Casual,44.2,6,1,very fun and gave me diarea,very fun and gave me diarea
Meme / Joke Review,Recommended,Positive,Meme / Joke Review,Low Information,Aligned Positive,New,0.9,38,0,the grass was to green so i knew it was a jyn my freind said nah we whent insinde and i had ghostdih go in to a bad place in my body 10/10 experince i would do again,the grass was to green so i knew it was a jyn my freind said nah we whent insinde and i had ghostdih go in to a bad place in my body 10/10 experince i would do again
Meme / Joke Review,Recommended,Neutral/Unclear,Meme / Joke Review,Gameplay Anecdote,Ambiguous / Low Information,Casual,21.4,31,0,Our professional ghost hunting team can take on an infestation of any level. Especially if it is the mimic. I have a special can of salt with his name on it.,Our professional ghost hunting team can take on an infestation of any level. Especially if it is the mimic. I have a special can of salt with his name on it.
Meme / Joke Review,Recommended,Neutral/Unclear,Meme / Joke Review,Gameplay Anecdote,Ambiguous / Low Information,Casual,30.3,26,0,Ghost is in room 1. I go room 1. Nothing happen in room 1. Ghost does ghost stuff and crawls out of room 2. I die.,Ghost is in room 1. I go room 1. Nothing happen in room 1. Ghost does ghost stuff and crawls out of room 2. I die.
