recommendation,sentiment_composition,n,recommendation_denominator,within_recommendation_proportion,corpus_denominator,corpus_proportion
Not Recommended,Mixed,20,65,0.3076923076923077,262,0.07633587786259542
Not Recommended,Negative_only,41,65,0.6307692307692307,262,0.15648854961832062
Not Recommended,Neutral_non_evaluative,1,65,0.015384615384615385,262,0.003816793893129771
Not Recommended,Not_applicable,3,65,0.046153846153846156,262,0.011450381679389313
Recommended,Mixed,25,197,0.12690355329949238,262,0.09541984732824428
Recommended,Negative_only,3,197,0.015228426395939087,262,0.011450381679389313
Recommended,Neutral_non_evaluative,30,197,0.15228426395939088,262,0.11450381679389313
Recommended,Not_applicable,28,197,0.14213197969543148,262,0.10687022900763359
Recommended,Positive_only,111,197,0.5634517766497462,262,0.42366412213740456
