review_id,text_group_id,evaluation_partition
R0001,G0216,locked_test
R0002,G0054,development
R0003,G0225,locked_test
R0004,G0212,development
R0005,G0072,development
R0006,G0138,development
R0007,G0134,development
R0008,G0187,locked_test
R0009,G0119,development
R0010,G0057,development
R0011,G0194,development
R0012,G0193,development
R0013,G0019,development
R0014,G0052,development
R0015,G0044,development
R0016,G0177,development
R0017,G0034,development
R0018,G0222,development
R0019,G0204,development
R0020,G0060,development
R0021,G0145,locked_test
R0022,G0104,locked_test
R0023,G0167,development
R0024,G0141,development
R0025,G0039,development
R0026,G0227,development
R0027,G0049,development
R0028,G0099,locked_test
R0029,G0218,development
R0030,G0139,development
R0031,G0146,development
R0032,G0236,development
R0033,G0064,development
R0034,G0045,development
R0035,G0149,development
R0036,G0155,development
R0037,G0003,development
R0038,G0086,development
R0039,G0214,development
R0040,G0112,locked_test
R0041,G0184,development
R0042,G0098,development
R0043,G0129,development
R0044,G0237,development
R0045,G0158,development
R0046,G0245,development
R0047,G0211,development
R0048,G0121,development
R0049,G0008,development
R0050,G0244,development
R0051,G0035,development
R0052,G0125,development
R0053,G0003,development
R0054,G0195,development
R0055,G0093,development
R0056,G0126,development
R0057,G0219,development
R0058,G0024,locked_test
R0059,G0209,development
R0060,G0020,development
R0061,G0247,development
R0062,G0190,locked_test
R0063,G0130,development
R0064,G0115,development
R0065,G0079,development
R0066,G0234,development
R0067,G0170,development
R0068,G0048,development
R0069,G0159,development
R0070,G0097,locked_test
R0071,G0231,development
R0072,G0128,development
R0073,G0014,development
R0074,G0094,development
R0075,G0182,development
R0076,G0043,development
R0077,G0007,development
R0078,G0217,development
R0079,G0135,locked_test
R0080,G0210,development
R0081,G0208,development
R0082,G0103,development
R0083,G0239,locked_test
R0084,G0070,development
R0085,G0074,development
R0086,G0220,locked_test
R0087,G0176,development
R0088,G0066,development
R0089,G0234,development
R0090,G0053,development
R0091,G0087,locked_test
R0092,G0174,development
R0093,G0197,development
R0094,G0111,development
R0095,G0116,locked_test
R0096,G0133,locked_test
R0097,G0206,locked_test
R0098,G0107,development
R0099,G0110,development
R0100,G0123,development
R0101,G0092,development
R0102,G0122,development
R0103,G0063,development
R0104,G0113,locked_test
R0105,G0157,development
R0106,G0077,development
R0107,G0241,locked_test
R0108,G0148,development
R0109,G0238,development
R0110,G0025,development
R0111,G0089,locked_test
R0112,G0117,locked_test
R0113,G0064,development
R0114,G0012,development
R0115,G0090,development
R0116,G0229,locked_test
R0117,G0169,development
R0118,G0001,locked_test
R0119,G0132,development
R0120,G0215,locked_test
R0121,G0205,locked_test
R0122,G0059,development
R0123,G0009,development
R0124,G0013,development
R0125,G0248,development
R0126,G0198,locked_test
R0127,G0058,development
R0128,G0005,development
R0129,G0172,development
R0130,G0192,development
R0131,G0067,locked_test
R0132,G0240,development
R0133,G0178,locked_test
R0134,G0114,development
R0135,G0080,development
R0136,G0083,development
R0137,G0068,development
R0138,G0095,development
R0139,G0226,development
R0140,G0143,development
R0141,G0002,locked_test
R0142,G0150,development
R0143,G0051,development
R0144,G0161,locked_test
R0145,G0059,development
R0146,G0186,locked_test
R0147,G0027,development
R0148,G0037,development
R0149,G0166,development
R0150,G0168,development
R0151,G0185,development
R0152,G0078,locked_test
R0153,G0029,development
R0154,G0105,development
R0155,G0095,development
R0156,G0065,locked_test
R0157,G0023,development
R0158,G0049,development
R0159,G0075,locked_test
R0160,G0091,development
R0161,G0041,locked_test
R0162,G0136,development
R0163,G0165,development
R0164,G0233,locked_test
R0165,G0147,development
R0166,G0200,development
R0167,G0173,development
R0168,G0203,development
R0169,G0250,development
R0170,G0232,development
R0171,G0018,development
R0172,G0084,development
R0173,G0076,development
R0174,G0189,development
R0175,G0127,development
R0176,G0108,development
R0177,G0081,locked_test
R0178,G0188,development
R0179,G0196,locked_test
R0180,G0160,development
R0181,G0131,development
R0182,G0175,development
R0183,G0223,locked_test
R0184,G0021,development
R0185,G0062,development
R0186,G0181,development
R0187,G0207,development
R0188,G0154,locked_test
R0189,G0033,development
R0190,G0088,development
R0191,G0124,development
R0192,G0156,locked_test
R0193,G0152,locked_test
R0194,G0011,development
R0195,G0137,development
R0196,G0191,development
R0197,G0055,development
R0198,G0017,development
R0199,G0010,development
R0200,G0142,development
R0201,G0242,development
R0202,G0073,development
R0203,G0118,development
R0204,G0106,development
R0205,G0069,development
R0206,G0199,development
R0207,G0040,development
R0208,G0064,development
R0209,G0096,locked_test
R0210,G0038,development
R0211,G0036,development
R0212,G0180,development
R0213,G0171,development
R0214,G0049,development
R0215,G0243,development
R0216,G0065,locked_test
R0217,G0179,development
R0218,G0221,development
R0219,G0201,locked_test
R0220,G0056,development
R0221,G0016,development
R0222,G0065,locked_test
R0223,G0246,locked_test
R0224,G0071,development
R0225,G0032,development
R0226,G0030,development
R0227,G0101,development
R0228,G0100,development
R0229,G0230,development
R0230,G0050,development
R0231,G0109,development
R0232,G0031,development
R0233,G0120,development
R0234,G0151,development
R0235,G0153,development
R0236,G0065,locked_test
R0237,G0140,locked_test
R0238,G0042,development
R0239,G0202,development
R0240,G0102,development
R0241,G0249,development
R0242,G0183,development
R0243,G0047,development
R0244,G0022,locked_test
R0245,G0162,development
R0246,G0144,development
R0247,G0228,development
R0248,G0015,development
R0249,G0213,development
R0250,G0028,development
R0251,G0026,development
R0252,G0006,locked_test
R0253,G0082,development
R0254,G0003,development
R0255,G0224,development
R0256,G0163,development
R0257,G0046,development
R0258,G0085,locked_test
R0259,G0235,locked_test
R0260,G0061,development
R0261,G0004,development
R0262,G0164,development
